Season,Team,TeamsByYear,G,PA,HR,R,RBI,SB,BB%,K%,ISO,BABIP,AVG,OBP,SLG,wOBA,wRC+,BsR,Off,Def,WAR
2022,LAD,2022LAD,2326,6247,212,847,812,98,9.70%,22.00%,0.185,0.302,0.257,0.333,0.442,0.337,119,19.9,158.9,1.1,38.9
2022,NYY,2022NYY,2342,6172,254,807,764,102,10.10%,22.50%,0.185,0.276,0.241,0.325,0.426,0.327,115,-5.7,98.5,39.5,35.1
2022,STL,2022STL,2355,6165,197,772,739,95,8.70%,19.90%,0.168,0.289,0.252,0.325,0.42,0.326,114,4.7,102.5,2.9,32.8
2022,NYM,2022NYM,2340,6176,171,772,735,62,8.30%,19.70%,0.153,0.302,0.259,0.332,0.412,0.326,116,-10.8,103.4,-12.8,31.3
2022,TOR,2022TOR,2445,6158,200,775,756,67,8.10%,20.20%,0.168,0.305,0.264,0.329,0.431,0.331,117,-10.5,110.7,-10.2,31.1
2022,HOU,2022HOU,2279,6054,214,737,715,83,8.70%,19.50%,0.176,0.278,0.248,0.319,0.424,0.324,112,-8.9,75,13.2,29.5
2022,ATL,2022ATL,2259,6082,243,789,753,87,7.70%,24.60%,0.19,0.303,0.253,0.317,0.443,0.33,111,9.7,85,-14.7,28.9
2022,MIL,2022MIL,2363,6122,219,725,703,96,9.40%,23.90%,0.174,0.279,0.235,0.315,0.409,0.317,103,5.6,30.5,-4.7,24.3
2022,SEA,2022SEA,2383,6117,197,690,664,83,9.70%,22.80%,0.16,0.272,0.23,0.315,0.39,0.311,107,-10,38.1,-14.3,23
2022,CLE,2022CLE,2338,6163,127,698,662,119,7.30%,18.20%,0.129,0.294,0.254,0.316,0.383,0.306,99,13.2,3.8,6.2,21.7
2022,PHI,2022PHI,2327,6077,205,747,719,105,7.90%,22.40%,0.169,0.299,0.253,0.317,0.422,0.322,106,9.9,50.8,-50,21.6
2022,SDP,2022SDP,2323,6175,153,705,682,49,9.30%,21.50%,0.141,0.289,0.241,0.318,0.382,0.308,102,3.9,17.7,-22.8,21.3
2022,MIN,2022MIN,2422,6113,178,696,668,38,8.50%,22.10%,0.153,0.295,0.248,0.317,0.401,0.315,107,-20.7,25.1,-19,21.1
2022,TBR,2022TBR,2403,6008,139,666,634,95,8.30%,23.20%,0.138,0.295,0.239,0.309,0.377,0.302,101,4,12.9,-15.4,19.8
2022,ARI,2022ARI,2407,6027,173,702,658,104,8.80%,22.20%,0.155,0.272,0.23,0.304,0.385,0.303,92,25.4,-27.5,13.1,19.8
2022,BAL,2022BAL,2359,6049,171,674,639,95,7.90%,23.00%,0.154,0.284,0.236,0.305,0.39,0.305,99,12,2.6,-14.8,18.9
2022,TEX,2022TEX,2365,6029,198,707,670,128,7.60%,24.00%,0.157,0.287,0.239,0.301,0.395,0.305,98,18.8,5,-16.7,18.9
2022,BOS,2022BOS,2379,6144,155,735,704,52,7.80%,22.30%,0.152,0.313,0.258,0.321,0.409,0.319,102,-11.6,3.8,-28.3,18
2022,CHC,2022CHC,2388,6072,159,657,620,111,8.30%,23.80%,0.148,0.294,0.238,0.311,0.387,0.307,97,-1.8,-19.5,-35.6,15.7
2022,SFG,2022SFG,2552,6117,183,716,683,64,9.30%,23.90%,0.156,0.284,0.234,0.315,0.39,0.311,101,3,12.8,-69.5,15.7
2022,CHW,2022CHW,2371,6123,149,686,654,58,6.30%,20.70%,0.131,0.304,0.256,0.31,0.387,0.306,99,-3,-12.7,-36.9,15.3
2022,LAA,2022LAA,2327,5977,190,623,600,77,7.50%,25.70%,0.157,0.289,0.233,0.297,0.39,0.3,93,-0.8,-47.5,-29.4,11.9
2022,KCR,2022KCR,2372,6010,138,640,613,104,7.70%,21.40%,0.136,0.293,0.244,0.306,0.38,0.302,93,2.2,-48.7,-40.6,10.7
2022,MIA,2022MIA,2384,5949,144,586,554,122,7.30%,24.00%,0.133,0.284,0.23,0.294,0.363,0.29,88,-2.6,-84.2,-15.4,10.6
2022,OAK,2022OAK,2394,5863,137,568,537,78,7.40%,23.70%,0.13,0.264,0.216,0.281,0.346,0.277,84,1.4,-105,-16.2,6.9
2022,COL,2022COL,2265,6105,149,698,669,45,7.40%,21.80%,0.144,0.307,0.254,0.315,0.398,0.312,86,-2.6,-102,-38.6,6.8
2022,PIT,2022PIT,2340,5912,158,591,555,90,8.00%,25.30%,0.141,0.277,0.222,0.291,0.364,0.289,84,6.9,-101.6,-32.9,6.8
2022,WSN,2022WSN,2347,5998,136,603,579,75,7.40%,20.40%,0.129,0.295,0.249,0.31,0.377,0.303,93,-25.2,-75.4,-68.4,6.1
2022,CIN,2022CIN,2406,5978,156,648,618,58,7.60%,23.90%,0.137,0.29,0.235,0.304,0.372,0.299,84,-15.6,-123.7,-28.4,5.2
2022,DET,2022DET,2350,5870,110,557,530,47,6.50%,24.10%,0.115,0.29,0.231,0.286,0.346,0.279,81,-8.6,-133.2,-29.7,2.5
2021,HOU,2021HOU,2319,6291,221,863,834,53,9.00%,19.40%,0.177,0.303,0.267,0.339,0.444,0.336,114,-6.2,104.5,19,33.8
2021,TBR,2021TBR,2389,6213,222,857,810,88,9.40%,24.80%,0.186,0.294,0.243,0.321,0.429,0.322,109,11.2,81.1,23.6,31.7
2021,SFG,2021SFG,2597,6196,241,804,768,66,9.70%,23.60%,0.191,0.295,0.249,0.329,0.44,0.329,107,-6.4,46,55.4,31
2021,TOR,2021TOR,2383,6070,262,846,816,81,8.20%,20.10%,0.2,0.296,0.266,0.33,0.466,0.34,112,2.8,95.1,-4.6,29.8
2021,LAD,2021LAD,2459,6239,237,830,799,65,9.80%,22.60%,0.185,0.284,0.244,0.33,0.429,0.327,105,9.3,48.9,31.2,29
2021,STL,2021STL,2384,6001,198,706,678,89,8.00%,22.30%,0.168,0.287,0.244,0.313,0.412,0.312,97,11.7,-13.4,66.8,25.6
2021,OAK,2021OAK,2353,6104,199,743,698,88,8.90%,22.10%,0.168,0.278,0.238,0.317,0.406,0.313,103,11.8,34.4,2.7,24.5
2021,ATL,2021ATL,2392,6056,239,790,762,59,9.10%,24.00%,0.191,0.288,0.244,0.319,0.435,0.323,99,5.4,-6.3,42.8,24
2021,CHW,2021CHW,2292,6084,190,796,757,57,9.60%,22.80%,0.166,0.31,0.256,0.336,0.422,0.329,108,-0.9,59.7,-35.7,23.1
2021,BOS,2021BOS,2353,6122,219,829,783,40,8.40%,22.60%,0.188,0.309,0.261,0.328,0.449,0.333,106,-4.4,39,-29.8,21.8
2021,NYM,2021NYM,2419,5856,176,636,604,54,8.50%,23.80%,0.152,0.291,0.239,0.315,0.391,0.307,96,-13.5,-41.7,60.8,21.6
2021,MIN,2021MIN,2356,6078,228,729,690,54,8.60%,23.10%,0.182,0.282,0.241,0.314,0.423,0.318,102,-3.1,14.5,-9.5,21.2
2021,SDP,2021SDP,2497,6119,180,729,695,110,9.60%,21.60%,0.159,0.287,0.242,0.321,0.401,0.312,98,0.7,-17.7,23.1,21.1
2021,WSN,2021WSN,2386,6113,182,724,686,56,9.40%,21.30%,0.159,0.307,0.258,0.337,0.417,0.326,101,-25.4,-15.3,8.8,19.9
2021,MIL,2021MIL,2403,6099,194,738,700,82,9.60%,24.00%,0.163,0.283,0.233,0.317,0.396,0.31,92,8.5,-52.2,37.1,19
2021,PHI,2021PHI,2394,6089,198,734,700,77,9.30%,23.00%,0.168,0.286,0.24,0.318,0.408,0.313,93,7.8,-46,27.4,18.6
2021,CHC,2021CHC,2475,5972,210,705,672,86,8.40%,26.70%,0.171,0.296,0.237,0.312,0.407,0.311,94,-8.6,-58,28.7,17.2
2021,CIN,2021CIN,2472,6162,222,786,756,36,9.00%,23.10%,0.182,0.296,0.249,0.328,0.431,0.327,97,-15.1,-40.3,-2.2,16.5
2021,NYY,2021NYY,2354,6060,222,711,666,63,10.20%,24.50%,0.169,0.285,0.237,0.322,0.407,0.317,101,-15.1,-4.5,-37.5,16.4
2021,CLE,2021CLE,2300,5907,203,717,686,109,7.70%,23.50%,0.169,0.282,0.238,0.303,0.407,0.306,93,7.4,-42.1,3.8,16.3
2021,KCR,2021KCR,2368,5993,163,686,647,124,7.00%,21.00%,0.147,0.292,0.249,0.306,0.396,0.304,88,13.2,-72.5,0.5,13.2
2021,SEA,2021SEA,2360,6010,199,697,673,64,8.90%,24.80%,0.159,0.273,0.226,0.303,0.385,0.3,94,-7.1,-53.9,-28,12.3
2021,MIA,2021MIA,2436,5928,158,623,594,106,7.60%,26.20%,0.139,0.296,0.233,0.298,0.372,0.291,83,0.4,-130.7,52.2,12.1
2021,TEX,2021TEX,2252,5943,167,625,598,106,7.30%,23.20%,0.143,0.28,0.232,0.294,0.375,0.291,83,-1.8,-124.2,40.9,11.9
2021,LAA,2021LAA,2325,6016,190,723,691,79,7.70%,23.20%,0.162,0.294,0.245,0.31,0.407,0.308,93,6.8,-43.7,-45.4,11.6
2021,COL,2021COL,2344,6007,182,739,709,76,8.20%,22.60%,0.165,0.299,0.249,0.317,0.414,0.315,81,12.4,-133.5,44.3,11.3
2021,ARI,2021ARI,2449,6144,144,679,644,43,8.70%,23.80%,0.146,0.295,0.236,0.309,0.382,0.301,85,6.6,-113.2,15.7,10.9
2021,DET,2021DET,2341,5979,179,697,675,88,8.20%,25.30%,0.158,0.3,0.242,0.308,0.399,0.306,94,1.2,-41.2,-57.3,10.5
2021,PIT,2021PIT,2393,5983,124,609,570,60,8.80%,22.20%,0.128,0.29,0.236,0.309,0.364,0.294,82,-3.9,-143.4,14.1,7.2
2021,BAL,2021BAL,2376,5983,195,659,632,54,7.50%,24.30%,0.163,0.29,0.239,0.304,0.402,0.305,91,-6.2,-75.5,-62.2,6.6
2020,CHW,2020CHW,889,2267,96,306,294,20,7.90%,25.20%,0.192,0.314,0.261,0.326,0.453,0.334,111,-0.5,30.6,7.9,13.5
2020,SDP,2020SDP,913,2231,95,325,312,55,9.10%,21.50%,0.209,0.291,0.257,0.333,0.466,0.341,116,2.1,48.9,6,13.4
2020,LAD,2020LAD,921,2316,118,349,327,29,9.80%,20.30%,0.227,0.276,0.256,0.338,0.483,0.35,120,-5.1,54.7,-5,13.2
2020,ATL,2020ATL,900,2344,103,348,338,23,10.20%,24.40%,0.215,0.322,0.268,0.349,0.483,0.355,120,3.7,63,3.1,12.5
2020,NYM,2020NYM,902,2279,86,286,278,20,8.60%,21.90%,0.187,0.32,0.272,0.348,0.459,0.347,123,-11.1,55.1,-11.2,10.2
2020,NYY,2020NYY,878,2210,94,315,301,27,11.40%,21.70%,0.2,0.28,0.247,0.342,0.447,0.341,117,6,51.9,-8.8,9.9
2020,MIN,2020MIN,882,2168,91,269,258,14,8.60%,24.40%,0.186,0.283,0.242,0.315,0.427,0.319,103,0.4,8.4,-2.4,9.9
2020,SFG,2020SFG,974,2259,81,299,290,19,8.60%,22.10%,0.187,0.311,0.263,0.335,0.451,0.337,112,-3.2,30.8,-12.9,9.9
2020,TBR,2020TBR,946,2261,80,289,274,48,10.70%,26.90%,0.187,0.3,0.238,0.328,0.425,0.325,111,5.6,35.1,4,9.7
2020,OAK,2020OAK,865,2201,71,274,264,26,10.80%,23.80%,0.171,0.271,0.225,0.322,0.396,0.314,103,6.4,14.5,-9.7,8.4
2020,CHC,2020CHC,908,2214,74,265,248,24,10.30%,25.70%,0.167,0.27,0.22,0.318,0.387,0.309,92,4.7,-18.2,2,7.9
2020,CLE,2020CLE,869,2247,59,248,234,25,10.60%,23.00%,0.144,0.277,0.228,0.317,0.372,0.303,90,-1.2,-28.3,5.5,7.4
2020,STL,2020STL,827,2011,51,240,231,18,10.20%,23.70%,0.137,0.29,0.234,0.323,0.371,0.306,93,-0.7,-17.4,4.9,7.4
2020,BOS,2020BOS,884,2304,81,292,278,31,8.10%,23.70%,0.18,0.321,0.265,0.33,0.445,0.333,105,-0.5,14,-0.3,7.3
2020,LAA,2020LAA,890,2308,85,294,285,21,10.40%,21.20%,0.182,0.284,0.248,0.332,0.43,0.329,106,-3.5,14.9,-26.3,7.2
2020,KCR,2020KCR,940,2200,68,248,237,49,7.80%,24.00%,0.158,0.297,0.244,0.309,0.402,0.308,90,3.1,-23.2,-0.8,7.1
2020,PHI,2020PHI,875,2223,82,306,289,35,10.30%,21.60%,0.183,0.299,0.257,0.342,0.439,0.336,108,3.3,27,-22.1,6.3
2020,HOU,2020HOU,860,2229,69,279,268,22,8.60%,19.70%,0.168,0.273,0.24,0.312,0.408,0.311,97,-0.6,-9.8,-13,5.8
2020,ARI,2020ARI,862,2238,58,269,255,23,8.10%,20.60%,0.15,0.282,0.241,0.312,0.391,0.306,88,5.5,-29.5,5,5.7
2020,SEA,2020SEA,843,2181,60,254,244,50,9.50%,25.00%,0.144,0.281,0.226,0.309,0.37,0.298,92,7,-15.4,-9,5.5
2020,DET,2020DET,882,2076,62,249,242,19,7.10%,27.30%,0.152,0.314,0.245,0.303,0.397,0.303,92,-2.3,-23.3,-13.2,5.4
2020,TOR,2020TOR,910,2263,88,302,288,33,9.00%,22.40%,0.186,0.297,0.255,0.325,0.441,0.329,104,-2.9,7.8,-16.7,5
2020,MIL,2020MIL,906,2188,75,247,238,15,10.10%,26.60%,0.166,0.278,0.223,0.313,0.389,0.307,90,-17.6,-46,-1.5,4.8
2020,WSN,2020WSN,870,2218,66,293,279,33,8.70%,20.30%,0.17,0.308,0.264,0.336,0.433,0.33,104,-3.6,9,-24.6,4.3
2020,BAL,2020BAL,906,2242,77,274,264,19,7.30%,22.90%,0.171,0.309,0.258,0.321,0.429,0.323,102,-4.1,1.2,-23,3.7
2020,CIN,2020CIN,889,2123,90,243,237,29,11.30%,25.20%,0.191,0.245,0.212,0.312,0.403,0.312,87,-6,-42.2,-13.9,3.7
2020,MIA,2020MIA,904,2167,60,263,247,51,8.80%,24.80%,0.141,0.306,0.244,0.319,0.384,0.308,93,4,-15,-18.2,2.4
2020,COL,2020COL,888,2257,63,275,264,42,7.10%,24.10%,0.148,0.316,0.257,0.311,0.405,0.307,76,10.8,-58.9,-6.2,1.8
2020,PIT,2020PIT,873,2134,59,219,210,16,7.80%,24.40%,0.137,0.268,0.22,0.284,0.357,0.279,72,-2.3,-79.8,0.5,1.5
2020,TEX,2020TEX,865,2147,62,224,204,49,7.80%,25.50%,0.147,0.266,0.217,0.285,0.364,0.283,76,3,-59.6,-17.5,0.2
2019,HOU,2019HOU,2309,6394,288,920,891,67,10.10%,18.20%,0.221,0.296,0.274,0.352,0.495,0.355,124,-9.5,187.8,15.1,42.1
2019,LAD,2019LAD,2413,6281,279,886,861,57,9.70%,21.60%,0.215,0.291,0.257,0.338,0.472,0.338,110,11.9,92.5,59.1,34.2
2019,MIN,2019MIN,2320,6392,307,939,906,28,8.20%,20.90%,0.224,0.3,0.27,0.338,0.494,0.347,116,-8.4,125.4,-31.1,31.6
2019,NYY,2019NYY,2312,6245,306,943,904,55,9.10%,23.00%,0.222,0.306,0.267,0.339,0.49,0.346,117,-0.8,132.5,-40.5,30.8
2019,WSN,2019WSN,2327,6267,231,873,824,116,9.30%,20.90%,0.19,0.306,0.265,0.342,0.454,0.336,104,3.7,34.7,57.9,28.4
2019,BOS,2019BOS,2455,6475,245,901,857,68,9.10%,21.30%,0.197,0.313,0.269,0.34,0.466,0.338,106,-7,41.7,12.1,27.9
2019,ATL,2019ATL,2411,6302,249,855,824,89,9.80%,23.30%,0.195,0.305,0.258,0.336,0.452,0.332,101,11,18.3,64.4,27.6
2019,OAK,2019OAK,2363,6269,257,845,800,49,9.20%,21.30%,0.199,0.282,0.249,0.327,0.448,0.327,107,-1.7,55.3,-10.4,26.3
2019,TBR,2019TBR,2459,6285,217,769,730,94,8.60%,23.80%,0.178,0.306,0.254,0.325,0.431,0.321,104,8.4,40.6,0.5,26
2019,CHC,2019CHC,2429,6195,256,814,783,45,9.40%,23.60%,0.2,0.297,0.252,0.331,0.452,0.33,100,-2.2,0.6,65.3,25.6
2019,NYM,2019NYM,2445,6290,242,791,767,56,8.20%,22.00%,0.185,0.299,0.257,0.328,0.442,0.325,105,-17,24.3,28.1,24.6
2019,ARI,2019ARI,2418,6315,220,813,778,88,8.60%,21.50%,0.182,0.293,0.252,0.323,0.434,0.319,93,18.3,-37.5,79.1,23.6
2019,MIL,2019MIL,2514,6309,250,769,744,101,10.00%,24.80%,0.192,0.296,0.246,0.329,0.438,0.324,97,5.9,-20.4,61.6,23.6
2019,CLE,2019CLE,2321,6124,223,769,731,103,9.20%,21.80%,0.183,0.289,0.25,0.323,0.432,0.319,97,4.3,-16.3,35.9,23.4
2019,STL,2019STL,2413,6167,210,764,714,116,9.10%,23.00%,0.17,0.292,0.245,0.322,0.415,0.314,95,14.4,-23.8,57.4,22.4
2019,PHI,2019PHI,2431,6261,215,774,742,78,9.00%,23.20%,0.181,0.293,0.246,0.319,0.427,0.314,90,13.8,-65.6,49.6,17.9
2019,SEA,2019SEA,2347,6199,239,758,730,115,9.50%,25.50%,0.187,0.287,0.237,0.316,0.424,0.314,99,13.4,4.2,-49,17.4
2019,LAA,2019LAA,2425,6251,220,769,734,65,9.40%,20.40%,0.175,0.281,0.247,0.324,0.422,0.316,96,-6.1,-41.1,-8.3,17.1
2019,PIT,2019PIT,2441,6228,163,758,722,64,6.80%,19.50%,0.156,0.309,0.265,0.321,0.42,0.313,92,-4.6,-72.8,5.6,12.8
2019,TOR,2019TOR,2354,6091,247,726,697,51,8.40%,24.90%,0.192,0.28,0.236,0.305,0.428,0.31,92,-7,-66.5,-31.9,11.8
2019,COL,2019COL,2452,6288,224,835,803,71,7.80%,23.90%,0.19,0.321,0.265,0.326,0.456,0.328,87,1.6,-105,25.8,11.8
2019,CHW,2019CHW,2311,6042,182,708,676,63,6.30%,25.60%,0.153,0.329,0.261,0.314,0.414,0.309,92,5.3,-59.6,-42.3,11.3
2019,CIN,2019CIN,2462,6100,227,701,679,80,8.10%,23.50%,0.178,0.288,0.244,0.315,0.422,0.312,85,-16.7,-138,54.8,10.8
2019,SDP,2019SDP,2413,6019,219,682,652,70,8.40%,26.30%,0.172,0.293,0.238,0.308,0.41,0.305,89,-11.1,-101.1,20.2,10.8
2019,SFG,2019SFG,2493,6170,167,678,655,47,7.70%,23.30%,0.153,0.29,0.239,0.302,0.392,0.295,82,-3.4,-149.1,43.6,8.9
2019,TEX,2019TEX,2273,6204,223,810,765,131,8.60%,25.40%,0.183,0.304,0.248,0.319,0.431,0.317,88,12,-86.8,-47.3,8.7
2019,KCR,2019KCR,2269,6080,162,691,655,117,7.50%,23.10%,0.154,0.301,0.247,0.309,0.401,0.302,84,-1.7,-126.2,-24.6,6.7
2019,BAL,2019BAL,2386,6189,213,729,698,84,7.50%,23.20%,0.168,0.293,0.246,0.31,0.415,0.308,88,2,-91.4,-73.7,5.7
2019,MIA,2019MIA,2402,6045,146,615,593,55,6.50%,24.30%,0.134,0.3,0.241,0.298,0.375,0.288,79,-23.9,-195.6,22,1.9
2019,DET,2019DET,2316,6039,149,582,556,57,6.50%,26.40%,0.148,0.308,0.24,0.294,0.388,0.29,77,-6.8,-181,-57.5,-2
2018,LAD,2018LAD,2574,6358,235,804,756,75,10.20%,22.60%,0.191,0.294,0.25,0.333,0.442,0.333,111,11.4,99.3,37.8,34.4
2018,BOS,2018BOS,2345,6302,208,876,829,125,9.00%,19.90%,0.185,0.309,0.268,0.339,0.453,0.34,111,-5.1,74.1,28.4,32.5
2018,HOU,2018HOU,2348,6146,205,797,763,71,9.20%,19.50%,0.17,0.289,0.255,0.329,0.425,0.327,110,-7,64.6,39.3,32.1
2018,OAK,2018OAK,2403,6255,227,813,778,35,8.80%,22.10%,0.187,0.294,0.252,0.325,0.439,0.329,112,-5.8,83.2,-1.2,30.3
2018,NYY,2018NYY,2269,6271,267,851,821,63,10.00%,22.70%,0.202,0.285,0.249,0.329,0.451,0.335,112,14.6,102.8,-25,29.9
2018,MIL,2018MIL,2496,6210,218,754,711,124,8.60%,23.50%,0.172,0.302,0.252,0.323,0.424,0.322,100,8.2,7.7,77.1,28.5
2018,CHC,2018CHC,2490,6369,167,761,722,66,9.00%,21.80%,0.152,0.313,0.258,0.333,0.41,0.321,100,2.2,3.4,58.8,26.7
2018,CLE,2018CLE,2413,6300,216,818,786,135,8.80%,18.90%,0.176,0.291,0.259,0.332,0.434,0.33,106,13.7,55.1,-12.7,26.3
2018,ATL,2018ATL,2377,6251,175,759,717,90,8.20%,20.60%,0.161,0.302,0.257,0.324,0.417,0.319,96,12.6,-18.5,67.6,25
2018,WSN,2018WSN,2441,6288,191,771,737,119,10.00%,20.50%,0.164,0.297,0.254,0.335,0.419,0.325,101,8.4,14.5,21.3,23.7
2018,TBR,2018TBR,2371,6195,150,716,664,128,8.70%,22.40%,0.148,0.317,0.258,0.333,0.406,0.322,107,-0.3,48.7,-34.4,23.1
2018,STL,2018STL,2464,6200,205,759,725,63,8.50%,22.30%,0.16,0.294,0.249,0.321,0.409,0.316,99,12.9,7.9,9.4,21.5
2018,LAA,2018LAA,2467,6108,214,721,690,89,8.40%,21.30%,0.171,0.277,0.242,0.313,0.413,0.313,98,2.8,-13.8,1.7,20.1
2018,PIT,2018PIT,2293,6066,157,692,665,70,7.80%,20.30%,0.154,0.298,0.254,0.317,0.407,0.312,95,-13.3,-51.7,50.3,19.2
2018,SEA,2018SEA,2373,6087,176,677,644,79,7.10%,20.10%,0.154,0.295,0.254,0.314,0.408,0.313,100,-7,-8.3,-12.5,19.1
2018,ARI,2018ARI,2409,6157,176,693,658,79,9.10%,23.70%,0.162,0.286,0.235,0.31,0.397,0.306,88,7.1,-81,70.8,18.5
2018,CIN,2018CIN,2402,6240,172,696,665,77,9.00%,22.10%,0.148,0.307,0.254,0.328,0.401,0.317,94,-1.9,-44.8,19,17.2
2018,MIN,2018MIN,2351,6154,166,738,704,47,8.70%,21.60%,0.155,0.298,0.25,0.318,0.405,0.313,96,0.6,-30.5,-15.9,16.7
2018,NYM,2018NYM,2333,6177,170,676,649,71,9.20%,22.70%,0.154,0.283,0.234,0.312,0.389,0.305,94,2.6,-43.1,11.6,16.4
2018,COL,2018COL,2368,6178,210,780,748,95,8.20%,22.60%,0.179,0.304,0.256,0.322,0.435,0.325,88,3.2,-85.1,44.7,15.5
2018,TOR,2018TOR,2435,6076,217,709,680,47,8.20%,22.80%,0.183,0.286,0.244,0.312,0.427,0.319,100,-27.1,-29.7,-31.9,14.9
2018,PHI,2018PHI,2474,6136,186,677,653,69,9.50%,24.80%,0.158,0.289,0.234,0.314,0.393,0.307,91,2.9,-68.5,8.1,13.3
2018,CHW,2018CHW,2348,6071,182,656,639,98,7.00%,26.30%,0.16,0.304,0.241,0.302,0.401,0.304,92,-7.2,-67.5,-28.5,11.3
2018,TEX,2018TEX,2300,6163,194,737,696,74,9.00%,24.10%,0.164,0.292,0.24,0.318,0.404,0.315,89,7.2,-77.4,-22.3,11.2
2018,MIA,2018MIA,2434,6083,128,589,554,45,7.50%,22.80%,0.119,0.293,0.237,0.303,0.357,0.289,83,-15.8,-138.9,54.3,10.7
2018,SDP,2018SDP,2380,6059,162,617,583,95,7.80%,25.10%,0.145,0.294,0.235,0.297,0.38,0.294,84,-5.7,-122,28.1,9.6
2018,KCR,2018KCR,2184,6063,155,638,606,117,7.00%,21.60%,0.146,0.293,0.245,0.305,0.392,0.303,87,-7.4,-98.8,-31.1,7.8
2018,SFG,2018SFG,2412,6113,133,603,573,77,7.30%,24.00%,0.129,0.299,0.239,0.3,0.368,0.29,82,-2.9,-140.4,9.5,6
2018,BAL,2018BAL,2313,6034,188,622,593,81,7.00%,23.40%,0.152,0.286,0.239,0.298,0.391,0.299,87,-9.6,-104.1,-54,4.8
2018,DET,2018DET,2323,6029,135,630,597,70,7.10%,22.20%,0.138,0.293,0.241,0.3,0.38,0.295,83,6.4,-118.5,-44.9,4.2
2017,HOU,2017HOU,2313,6271,238,896,854,98,8.10%,17.30%,0.196,0.309,0.282,0.346,0.478,0.349,121,-0.4,162.6,2.6,37.3
2017,LAD,2017LAD,2464,6191,221,770,730,77,10.50%,22.30%,0.188,0.293,0.249,0.334,0.437,0.33,104,5.8,40.7,54.3,30.3
2017,CLE,2017CLE,2367,6234,212,818,780,88,9.70%,18.50%,0.186,0.295,0.263,0.339,0.449,0.336,105,11.1,48.8,32.6,28.8
2017,NYY,2017NYY,2294,6354,241,858,821,90,9.70%,21.80%,0.185,0.304,0.262,0.339,0.447,0.336,109,11.1,82.3,-5.9,28.7
2017,MIN,2017MIN,2324,6261,206,815,781,95,9.50%,21.40%,0.174,0.306,0.26,0.334,0.434,0.329,103,14.4,39.7,35.7,28.3
2017,CHC,2017CHC,2420,6283,223,822,785,62,9.90%,22.30%,0.182,0.302,0.255,0.338,0.437,0.331,101,-6.8,4.8,47.5,26.4
2017,STL,2017STL,2416,6219,196,761,728,81,9.50%,21.70%,0.17,0.304,0.256,0.334,0.426,0.326,101,2,8.4,40,25.8
2017,MIA,2017MIA,2399,6248,194,778,743,91,7.80%,20.50%,0.163,0.313,0.267,0.331,0.431,0.325,101,1.4,9,35.9,25.6
2017,SEA,2017SEA,2323,6166,200,750,714,89,7.90%,20.50%,0.165,0.3,0.259,0.325,0.424,0.321,103,-12.6,7.1,26.9,23.9
2017,WSN,2017WSN,2322,6214,215,819,796,108,8.70%,21.40%,0.183,0.311,0.266,0.332,0.449,0.331,99,11.9,2.4,17.6,23
2017,MIL,2017MIL,2423,6135,224,732,695,128,8.90%,25.60%,0.18,0.308,0.249,0.322,0.429,0.321,94,2.4,-48.6,67.5,22.6
2017,CIN,2017CIN,2321,6213,219,753,715,120,9.10%,21.40%,0.179,0.294,0.253,0.329,0.433,0.325,95,-5.3,-47.4,54.3,21.7
2017,ARI,2017ARI,2360,6224,220,812,776,103,9.30%,23.40%,0.19,0.306,0.254,0.329,0.445,0.329,95,12.4,-27.9,31.7,21.4
2017,TBR,2017TBR,2345,6147,228,694,671,88,8.90%,25.00%,0.178,0.296,0.245,0.317,0.422,0.316,99,11.2,1.1,-2,20.4
2017,NYM,2017NYM,2396,6169,224,735,713,58,8.60%,20.90%,0.184,0.286,0.25,0.32,0.434,0.322,101,-11.3,-7.2,1.1,20.2
2017,OAK,2017OAK,2350,6126,234,739,708,57,9.20%,24.30%,0.19,0.294,0.246,0.319,0.436,0.323,103,-5.5,19.9,-53.7,17
2017,LAA,2017LAA,2392,6073,186,710,678,136,8.60%,19.70%,0.155,0.277,0.243,0.315,0.397,0.307,92,1.4,-61.3,21.6,16.3
2017,CHW,2017CHW,2289,6059,186,706,670,71,6.60%,23.10%,0.161,0.309,0.256,0.314,0.417,0.313,95,-1.9,-36.4,-5.1,16
2017,BOS,2017BOS,2334,6338,168,785,735,106,9.00%,19.30%,0.149,0.3,0.258,0.329,0.407,0.316,91,4.9,-64,5.1,15.2
2017,ATL,2017ATL,2374,6216,165,732,706,77,7.60%,19.00%,0.15,0.305,0.263,0.326,0.412,0.316,89,4.3,-87.6,24.9,14.7
2017,COL,2017COL,2374,6201,192,824,793,59,8.40%,22.70%,0.171,0.332,0.273,0.338,0.444,0.332,88,-6.4,-105.8,38.3,14.2
2017,KCR,2017KCR,2342,6027,193,702,660,91,6.50%,19.30%,0.16,0.295,0.259,0.311,0.42,0.312,91,2.5,-65.6,-14.9,12
2017,PHI,2017PHI,2308,6133,174,690,654,59,8.10%,23.10%,0.159,0.304,0.25,0.315,0.409,0.31,87,-9.5,-109.5,15.1,11.3
2017,TEX,2017TEX,2268,6122,237,799,756,113,8.90%,24.40%,0.186,0.291,0.244,0.32,0.43,0.321,90,6.3,-70.2,-22.5,11.1
2017,BAL,2017BAL,2351,6140,232,743,713,32,6.40%,23.00%,0.175,0.306,0.26,0.312,0.435,0.318,95,-14.9,-51.3,-47.9,10.6
2017,DET,2017DET,2336,6150,187,735,699,65,8.20%,21.30%,0.166,0.306,0.258,0.324,0.424,0.321,98,-19.8,-37.8,-63.4,10.4
2017,PIT,2017PIT,2371,6136,151,668,635,67,8.50%,19.80%,0.142,0.286,0.244,0.318,0.386,0.304,85,-2.2,-120,13.1,10.1
2017,SFG,2017SFG,2372,6137,128,639,612,76,7.60%,19.60%,0.132,0.294,0.249,0.309,0.38,0.296,83,2.6,-134.1,15.8,8.9
2017,SDP,2017SDP,2342,5954,189,604,576,89,7.70%,25.20%,0.16,0.287,0.234,0.299,0.393,0.298,82,6.7,-132.7,20.1,8.9
2017,TOR,2017TOR,2455,6154,222,693,661,53,8.80%,21.60%,0.172,0.276,0.24,0.312,0.412,0.312,93,-15.8,-72.6,-44.5,8.8
2016,CHC,2016CHC,2332,6335,199,808,767,66,10.40%,21.10%,0.173,0.302,0.256,0.343,0.429,0.333,106,17.3,61.3,92,36.1
2016,BOS,2016BOS,2284,6320,208,878,836,83,8.80%,18.40%,0.179,0.32,0.282,0.348,0.461,0.346,113,10.6,109.9,-9,32.4
2016,HOU,2016HOU,2334,6204,198,724,689,102,8.90%,23.40%,0.17,0.298,0.247,0.319,0.417,0.317,101,-5.4,2.8,25.5,24.6
2016,STL,2016STL,2400,6223,225,779,745,35,8.50%,21.20%,0.187,0.294,0.255,0.325,0.443,0.329,105,-17.1,18.9,24.4,24.5
2016,SFG,2016SFG,2404,6271,130,715,675,79,9.10%,17.70%,0.14,0.299,0.258,0.329,0.398,0.315,96,-2.8,-34.8,75.1,24.3
2016,CLE,2016CLE,2366,6155,185,777,733,134,8.60%,20.20%,0.168,0.304,0.262,0.329,0.43,0.326,100,15.8,14.1,10.1,24
2016,TOR,2016TOR,2349,6233,221,759,728,54,10.10%,21.90%,0.178,0.289,0.248,0.33,0.426,0.327,104,-9,21.9,-1.8,23.8
2016,SEA,2016SEA,2371,6227,223,768,735,56,8.10%,20.70%,0.171,0.297,0.259,0.326,0.43,0.325,108,-13.5,44.6,-27.2,23.6
2016,WSN,2016WSN,2302,6201,203,763,735,121,8.60%,20.20%,0.17,0.293,0.256,0.326,0.426,0.322,96,16,-16.4,44.1,22.8
2016,PIT,2016PIT,2458,6261,153,729,696,110,9.00%,21.30%,0.144,0.311,0.257,0.332,0.402,0.318,97,-6.7,-26.5,48.5,22.4
2016,NYM,2016NYM,2430,6115,218,671,649,42,8.50%,21.30%,0.171,0.282,0.246,0.316,0.417,0.315,99,-8.6,-17.7,36.5,21.6
2016,LAD,2016LAD,2491,6164,189,725,680,45,8.50%,21.40%,0.16,0.294,0.249,0.319,0.409,0.314,97,2,-20.2,36.9,21.6
2016,BAL,2016BAL,2257,6089,253,744,710,19,7.70%,21.70%,0.188,0.291,0.256,0.317,0.443,0.326,103,2.5,22.6,-20.5,21.5
2016,COL,2016COL,2369,6236,204,845,805,66,7.90%,21.30%,0.182,0.326,0.275,0.336,0.457,0.339,94,1.1,-45,53.1,20.9
2016,DET,2016DET,2295,6127,211,750,719,58,8.00%,21.30%,0.171,0.312,0.267,0.331,0.438,0.33,106,-16.9,27,-41.7,19.9
2016,MIA,2016MIA,2460,6133,128,655,626,71,7.30%,19.80%,0.131,0.314,0.263,0.322,0.394,0.309,95,2.4,-40.1,40,19.7
2016,TEX,2016TEX,2324,6089,215,765,746,99,7.20%,20.00%,0.172,0.298,0.262,0.322,0.433,0.324,95,2,-37,-0.2,17.5
2016,TBR,2016TBR,2281,6046,216,672,647,60,7.40%,24.50%,0.182,0.293,0.243,0.307,0.426,0.315,98,-0.4,-13,-27.6,17
2016,ARI,2016ARI,2399,6260,190,752,709,137,7.40%,22.80%,0.171,0.315,0.261,0.32,0.432,0.321,93,17.7,-39.9,5.9,16.7
2016,LAA,2016LAA,2419,6041,156,717,686,73,7.80%,16.40%,0.145,0.289,0.26,0.322,0.405,0.314,99,-16.8,-27.4,-17.3,16.6
2016,CHW,2016CHW,2217,6131,168,686,656,77,7.40%,21.00%,0.153,0.304,0.257,0.317,0.41,0.314,97,-2.5,-27.2,-21.6,16.4
2016,MIN,2016MIN,2290,6245,200,722,690,91,8.20%,22.80%,0.171,0.3,0.251,0.316,0.421,0.317,95,7.8,-28.5,-30.1,15.8
2016,MIL,2016MIL,2342,6061,194,671,641,181,9.90%,25.50%,0.163,0.304,0.244,0.322,0.407,0.315,92,5.2,-55.2,14.3,15.3
2016,NYY,2016NYY,2308,6058,183,680,647,72,7.80%,19.60%,0.153,0.289,0.252,0.314,0.405,0.311,92,10.6,-49.7,-12.3,14.8
2016,ATL,2016ATL,2390,6192,122,649,615,75,8.10%,20.00%,0.13,0.305,0.255,0.321,0.384,0.304,86,-6.1,-110.8,34.7,12.1
2016,KCR,2016KCR,2244,6052,147,675,640,121,6.30%,20.20%,0.139,0.309,0.261,0.312,0.4,0.307,89,-4.3,-83.9,-7.9,11.8
2016,CIN,2016CIN,2287,6094,164,716,678,139,7.40%,21.10%,0.152,0.303,0.256,0.316,0.408,0.311,89,-4.3,-89.9,3.3,10.8
2016,SDP,2016SDP,2355,6000,177,686,654,125,7.50%,25.00%,0.155,0.291,0.235,0.299,0.39,0.297,84,24.8,-92.3,-1.8,9.7
2016,PHI,2016PHI,2348,5992,161,610,575,96,7.10%,23.00%,0.144,0.292,0.24,0.301,0.385,0.296,81,0.9,-137.5,19,7.2
2016,OAK,2016OAK,2343,6022,169,653,634,50,7.30%,19.00%,0.149,0.28,0.246,0.304,0.395,0.302,89,-22.2,-100.5,-63.5,4.3
2015,TOR,2015TOR,2337,6231,232,891,852,88,9.10%,18.50%,0.188,0.298,0.269,0.34,0.457,0.344,117,11,135.9,6.6,36.7
2015,SFG,2015SFG,2342,6153,136,696,663,93,7.40%,18.80%,0.139,0.313,0.267,0.326,0.406,0.318,104,-0.4,25.5,62,29.5
2015,LAD,2015LAD,2379,6090,187,667,638,59,9.20%,20.70%,0.163,0.292,0.25,0.326,0.413,0.322,106,-15.3,28.2,57.3,29
2015,HOU,2015HOU,2333,6073,230,729,691,121,8.00%,22.90%,0.187,0.292,0.25,0.315,0.437,0.325,108,8.1,66.8,-19.6,26.1
2015,CHC,2015CHC,2406,6200,171,689,657,95,9.10%,24.50%,0.154,0.305,0.244,0.321,0.398,0.313,96,15.1,-15.8,63.6,25.4
2015,NYM,2015NYM,2325,6145,177,683,654,51,7.90%,21.00%,0.156,0.287,0.244,0.312,0.4,0.309,98,6.2,-6.8,48.7,24.6
2015,PIT,2015PIT,2431,6285,140,697,661,98,7.30%,21.00%,0.136,0.314,0.26,0.323,0.396,0.313,97,3.5,-17.4,49.6,24
2015,STL,2015STL,2406,6139,137,647,619,69,8.20%,20.60%,0.142,0.303,0.253,0.321,0.394,0.311,97,0.9,-21.2,53.8,23.6
2015,KCR,2015KCR,2263,6116,139,724,689,104,6.30%,15.90%,0.144,0.301,0.269,0.322,0.412,0.318,99,-0.3,-8.3,13.8,21.8
2015,TEX,2015TEX,2358,6187,172,751,707,101,8.10%,19.90%,0.156,0.3,0.257,0.325,0.413,0.321,98,21.6,4.8,-3,21.6
2015,ARI,2015ARI,2393,6276,154,720,680,132,7.80%,20.90%,0.15,0.316,0.264,0.324,0.414,0.319,95,12.5,-23.3,32.6,21.6
2015,NYY,2015NYY,2401,6268,212,764,737,63,8.80%,19.60%,0.17,0.283,0.251,0.323,0.421,0.323,103,3,25.3,-35.3,20.7
2015,TBR,2015TBR,2479,6071,167,644,612,87,7.20%,21.60%,0.154,0.3,0.252,0.314,0.406,0.313,100,-13.4,-16.2,2.5,19.6
2015,CLE,2015CLE,2285,6109,141,669,640,86,8.70%,18.90%,0.144,0.299,0.256,0.325,0.401,0.315,97,8.1,-15.6,-4.5,19.1
2015,BOS,2015BOS,2268,6237,161,748,706,71,7.70%,18.40%,0.149,0.305,0.265,0.325,0.415,0.321,99,1.4,-5.9,-28.9,17.9
2015,WSN,2015WSN,2245,6117,177,703,665,57,8.80%,22.00%,0.151,0.3,0.251,0.321,0.403,0.315,96,-2.3,-29.7,9.4,17.9
2015,BAL,2015BAL,2249,6007,217,713,686,44,7.00%,22.20%,0.171,0.291,0.25,0.307,0.421,0.315,97,-4.9,-23.9,-5.9,17.7
2015,SEA,2015SEA,2407,6131,198,656,624,69,7.80%,21.80%,0.162,0.292,0.249,0.311,0.411,0.313,100,-23.1,-20.7,-15.8,17.4
2015,DET,2015DET,2340,6159,151,689,660,83,7.40%,20.40%,0.15,0.322,0.27,0.328,0.42,0.324,103,-27.6,-8.6,-31.6,17.1
2015,LAA,2015LAA,2459,5990,176,661,621,52,7.30%,19.20%,0.15,0.28,0.246,0.307,0.396,0.305,95,0.5,-37,2.3,17.1
2015,CIN,2015CIN,2337,6196,167,640,613,134,8.00%,20.30%,0.146,0.29,0.248,0.312,0.394,0.307,91,10.9,-52.1,16.1,16.5
2015,SDP,2015SDP,2396,6019,148,650,623,82,7.10%,22.00%,0.142,0.292,0.243,0.3,0.385,0.298,90,5,-63.2,31.5,16.4
2015,MIA,2015MIA,2297,5988,120,613,575,112,6.30%,19.20%,0.124,0.307,0.26,0.31,0.384,0.302,91,-1.2,-67.3,26.9,15.3
2015,MIL,2015MIL,2377,6024,145,655,624,84,6.80%,21.60%,0.142,0.303,0.251,0.307,0.393,0.304,87,1.5,-87.9,20.7,12.6
2015,MIN,2015MIN,2311,6017,156,696,661,70,7.30%,21.00%,0.152,0.292,0.247,0.305,0.399,0.305,89,-5.5,-80.4,-2.1,12.1
2015,OAK,2015OAK,2349,6171,146,694,661,78,7.70%,18.10%,0.144,0.288,0.251,0.312,0.395,0.308,95,-1,-34.1,-60.7,11.3
2015,ATL,2015ATL,2340,6034,100,573,548,69,7.80%,18.30%,0.108,0.297,0.251,0.314,0.359,0.296,84,-2.7,-115.5,22.4,9.9
2015,COL,2015COL,2436,6071,186,737,702,97,6.40%,21.10%,0.167,0.313,0.265,0.315,0.432,0.321,87,4.7,-91.9,-4.2,9.7
2015,PHI,2015PHI,2321,6053,130,626,586,88,6.40%,21.00%,0.133,0.299,0.249,0.303,0.382,0.298,86,-1.9,-100.3,-3.9,8.8
2015,CHW,2015CHW,2265,6070,136,622,595,68,6.70%,20.30%,0.13,0.296,0.25,0.306,0.38,0.3,89,-15.2,-94.3,-21.6,8.8
2014,LAD,2014LAD,2364,6231,134,718,686,138,8.30%,20.00%,0.14,0.318,0.265,0.333,0.406,0.327,112,-0.4,81.4,20.3,31.8
2014,PIT,2014PIT,2362,6224,156,682,659,104,8.40%,20.00%,0.145,0.307,0.259,0.33,0.404,0.325,108,3.8,61.6,36.7,31.4
2014,LAA,2014LAA,2468,6284,155,773,729,81,7.80%,20.10%,0.147,0.305,0.259,0.322,0.406,0.321,110,1.3,67.3,11.5,30.4
2014,BAL,2014BAL,2294,6130,211,705,681,44,6.50%,21.00%,0.166,0.296,0.256,0.311,0.422,0.323,104,-6.2,21.9,34.4,27.4
2014,WSN,2014WSN,2265,6216,152,686,635,101,8.30%,21.00%,0.14,0.303,0.253,0.321,0.393,0.317,99,15.3,8.4,42.4,26.2
2014,SFG,2014SFG,2353,6087,132,665,636,56,7.00%,20.50%,0.133,0.304,0.255,0.311,0.388,0.308,99,0.5,-5.1,52.8,25.4
2014,DET,2014DET,2330,6202,155,757,731,106,7.10%,18.40%,0.15,0.319,0.277,0.331,0.426,0.331,112,-7.3,73,-41.9,24.8
2014,TOR,2014TOR,2397,6167,177,723,690,78,8.10%,18.70%,0.155,0.295,0.259,0.323,0.414,0.325,107,0,44.9,-37,22.2
2014,OAK,2014OAK,2358,6245,146,729,686,83,9.40%,17.70%,0.137,0.278,0.244,0.32,0.381,0.312,102,11,27.2,-30.4,21.2
2014,MIL,2014MIL,2327,6065,150,650,617,102,7.00%,19.70%,0.147,0.293,0.25,0.311,0.397,0.313,94,-12.1,-56.2,62.2,20.8
2014,TBR,2014TBR,2352,6205,117,612,586,63,8.50%,18.10%,0.12,0.287,0.247,0.317,0.367,0.305,97,1,-19.9,9.5,20.3
2014,KCR,2014KCR,2273,6058,95,651,604,153,6.30%,16.30%,0.113,0.302,0.263,0.314,0.376,0.306,92,4.8,-47.8,28.1,18.8
2014,NYY,2014NYY,2288,6082,147,633,591,112,7.40%,18.60%,0.135,0.282,0.245,0.307,0.38,0.305,94,3.2,-38.5,11.7,18.1
2014,STL,2014STL,2324,6086,105,619,585,57,7.70%,18.60%,0.116,0.3,0.253,0.32,0.369,0.308,95,-15.5,-49,29.9,18.1
2014,NYM,2014NYM,2294,6145,125,629,602,101,8.40%,20.60%,0.126,0.286,0.239,0.308,0.364,0.299,92,-0.4,-56,32.6,17.8
2014,BOS,2014BOS,2283,6226,123,634,601,63,8.60%,21.50%,0.124,0.297,0.244,0.316,0.369,0.305,89,-8.1,-82.9,44.8,17.3
2014,COL,2014COL,2387,6164,186,755,721,85,6.40%,20.80%,0.169,0.326,0.276,0.327,0.445,0.337,97,-12.3,-33.1,2.2,17
2014,MIA,2014MIA,2311,6185,122,645,614,58,8.10%,22.90%,0.125,0.316,0.253,0.317,0.378,0.307,95,-5.6,-42.3,7,16.6
2014,SEA,2014SEA,2333,5977,136,634,600,96,6.60%,20.60%,0.132,0.29,0.244,0.3,0.376,0.299,94,3.2,-37.5,-1.5,16.4
2014,MIN,2014MIN,2292,6233,128,715,675,99,8.70%,21.30%,0.135,0.309,0.254,0.324,0.389,0.316,100,20.9,23.8,-72.6,16.2
2014,CHC,2014CHC,2358,6102,157,614,590,65,7.20%,24.20%,0.146,0.296,0.239,0.3,0.385,0.303,91,4,-59.5,15.2,15.4
2014,CIN,2014CIN,2213,5978,131,595,562,122,6.90%,20.90%,0.127,0.284,0.238,0.296,0.365,0.294,83,-1.2,-115.4,69.1,14.7
2014,CLE,2014CLE,2391,6222,142,669,644,104,8.10%,19.10%,0.136,0.296,0.253,0.317,0.389,0.313,98,9.9,-1.7,-65.6,14.1
2014,HOU,2014HOU,2229,6055,163,629,596,122,8.20%,23.80%,0.141,0.298,0.242,0.309,0.383,0.308,98,3.6,-8.1,-57.9,13.7
2014,CHW,2014CHW,2285,6077,155,660,625,85,6.90%,22.40%,0.146,0.306,0.253,0.31,0.398,0.312,99,-13.1,-23.5,-46.4,13.3
2014,ARI,2014ARI,2274,6089,118,615,573,86,6.50%,19.10%,0.127,0.293,0.248,0.302,0.376,0.3,83,1.5,-112.8,47.5,13
2014,ATL,2014ATL,2252,6064,123,573,545,95,7.80%,22.60%,0.119,0.298,0.241,0.305,0.36,0.296,86,-4.4,-98.9,32.7,12.8
2014,SDP,2014SDP,2362,5905,109,535,500,91,7.90%,21.90%,0.115,0.277,0.226,0.292,0.342,0.283,82,-6.2,-128.7,56.9,11.7
2014,TEX,2014TEX,2264,6026,111,637,597,105,6.90%,19.30%,0.119,0.305,0.256,0.314,0.375,0.305,90,-1.8,-66.8,-17,11.6
2014,PHI,2014PHI,2282,6198,125,619,584,109,7.10%,21.10%,0.121,0.292,0.242,0.302,0.363,0.295,86,10.6,-85.5,4.2,11.6
2013,BOS,2013BOS,2264,6382,178,853,819,123,9.10%,20.50%,0.169,0.329,0.277,0.349,0.446,0.347,114,13.3,116.7,11.9,36.2
2013,TBR,2013TBR,2423,6242,165,700,670,73,9.40%,18.80%,0.151,0.295,0.257,0.329,0.408,0.324,107,2.5,50.1,9.2,28.2
2013,DET,2013DET,2274,6388,176,796,767,35,8.30%,16.80%,0.151,0.32,0.283,0.346,0.434,0.341,114,-19,83.7,-35.3,27.6
2013,SFG,2013SFG,2396,6168,107,629,596,67,7.60%,17.50%,0.121,0.304,0.26,0.32,0.381,0.309,100,-4.1,-1.7,66.3,26.9
2013,STL,2013STL,2341,6202,125,783,745,45,7.80%,17.90%,0.133,0.314,0.269,0.332,0.401,0.322,104,-9.1,21,35,26.1
2013,BAL,2013BAL,2246,6144,212,745,719,79,6.80%,18.30%,0.171,0.288,0.26,0.313,0.431,0.323,101,13.8,16.4,22.7,25.7
2013,ATL,2013ATL,2293,6133,181,688,656,64,8.80%,22.60%,0.153,0.3,0.249,0.321,0.402,0.318,102,-5.7,3.8,50.1,25.6
2013,LAD,2013LAD,2336,6145,138,649,618,78,7.70%,18.60%,0.133,0.308,0.264,0.326,0.396,0.317,103,-8,14.7,37.2,25.5
2013,OAK,2013OAK,2313,6209,186,767,725,74,9.20%,19.00%,0.165,0.289,0.254,0.327,0.419,0.327,108,10,66.2,-32.4,25.4
2013,PIT,2013PIT,2369,6135,161,634,603,94,7.60%,21.70%,0.151,0.294,0.245,0.313,0.396,0.312,99,1.8,-3.4,30.8,22.8
2013,MIL,2013MIL,2335,6064,157,640,610,142,6.70%,19.50%,0.145,0.294,0.252,0.311,0.398,0.311,91,-6.9,-66,94,22.6
2013,CLE,2013CLE,2337,6165,171,745,711,117,9.10%,20.80%,0.155,0.3,0.255,0.327,0.41,0.324,104,11.5,39.3,-29.5,22.6
2013,CIN,2013CIN,2286,6293,155,698,664,67,9.30%,19.80%,0.142,0.293,0.249,0.327,0.391,0.316,96,-2,-32.9,52.4,22.5
2013,LAA,2013LAA,2311,6260,164,733,696,82,8.40%,19.50%,0.15,0.307,0.264,0.329,0.414,0.325,109,-9.7,54.8,-58,21.6
2013,TEX,2013TEX,2321,6196,176,730,691,149,7.50%,17.20%,0.15,0.294,0.262,0.323,0.412,0.323,97,2,-22.5,3.9,19.7
2013,KCR,2013KCR,2236,6093,112,648,620,153,6.90%,17.20%,0.119,0.3,0.26,0.315,0.379,0.305,89,18.2,-57.4,39.6,19.4
2013,ARI,2013ARI,2349,6334,130,685,647,62,8.20%,18.00%,0.133,0.301,0.259,0.323,0.391,0.314,93,-18.5,-69.4,59.4,19.4
2013,SDP,2013SDP,2359,6122,146,618,578,118,7.60%,21.40%,0.133,0.294,0.245,0.308,0.378,0.302,94,8.8,-35.4,24.4,18.6
2013,WSN,2013WSN,2241,6047,161,656,621,88,7.70%,19.70%,0.146,0.292,0.251,0.313,0.398,0.311,94,3.1,-34.7,16.3,17.6
2013,TOR,2013TOR,2314,6152,185,712,669,112,8.30%,18.30%,0.158,0.284,0.252,0.318,0.411,0.32,99,3.8,-2.8,-39.1,17
2013,NYM,2013NYM,2378,6207,130,619,593,114,8.20%,22.30%,0.129,0.291,0.237,0.306,0.366,0.297,90,23,-49.2,16.1,16.5
2013,NYY,2013NYY,2253,6044,144,650,614,115,7.70%,20.10%,0.133,0.285,0.242,0.307,0.376,0.301,86,4.4,-89.2,28.1,14.6
2013,CHC,2013CHC,2294,6079,172,602,576,63,7.20%,20.20%,0.154,0.275,0.238,0.3,0.392,0.304,90,-11.9,-78.3,27.3,14.1
2013,COL,2013COL,2330,6152,159,706,673,112,6.90%,19.60%,0.149,0.317,0.27,0.323,0.418,0.324,87,17.4,-72.7,15.1,13.7
2013,MIN,2013MIN,2332,6212,151,614,590,52,8.60%,23.00%,0.138,0.298,0.242,0.312,0.38,0.307,91,1.2,-66.1,-35.4,10.8
2013,SEA,2013SEA,2237,6172,188,624,597,49,8.60%,21.90%,0.152,0.279,0.237,0.306,0.39,0.307,95,-6.9,-41.1,-66.7,10
2013,PHI,2013PHI,2310,6014,140,610,578,73,6.90%,20.00%,0.135,0.293,0.248,0.306,0.384,0.303,89,-7.4,-81.9,-15.8,8.9
2013,CHW,2013CHW,2279,6077,148,598,574,105,6.80%,19.90%,0.129,0.291,0.249,0.302,0.378,0.299,85,-12.7,-117.5,-29,5.5
2013,MIA,2013MIA,2244,6021,95,513,485,78,7.20%,20.50%,0.104,0.28,0.231,0.293,0.335,0.279,74,-5.2,-178.9,29.5,3.3
2013,HOU,2013HOU,2266,6020,148,610,566,110,7.10%,25.50%,0.136,0.304,0.24,0.299,0.375,0.298,85,-8.9,-112.7,-64.4,1.9
2012,LAA,2012LAA,2267,6121,187,767,732,134,7.30%,18.20%,0.159,0.311,0.274,0.332,0.433,0.331,113,13.5,109.8,5.9,33.8
2012,NYY,2012NYY,2367,6231,245,804,774,93,9.10%,18.90%,0.188,0.293,0.265,0.337,0.453,0.342,113,2.3,97.2,12.1,33.6
2012,SFG,2012SFG,2384,6200,103,718,675,118,7.80%,17.70%,0.128,0.315,0.269,0.327,0.397,0.314,101,13,22.4,66.7,29
2012,STL,2012STL,2391,6326,159,765,732,91,8.40%,18.80%,0.15,0.316,0.271,0.338,0.421,0.329,106,-1.6,46.5,33.9,28.5
2012,MIL,2012MIL,2415,6224,202,776,741,158,7.50%,19.90%,0.177,0.299,0.259,0.325,0.437,0.329,102,12.1,29.5,52.2,28.3
2012,ATL,2012ATL,2264,6126,149,700,660,101,9.30%,21.00%,0.142,0.296,0.247,0.32,0.389,0.31,92,7.2,-48.9,123.8,27.3
2012,CIN,2012CIN,2211,6115,172,669,636,87,7.90%,20.70%,0.159,0.296,0.251,0.315,0.411,0.314,93,13.5,-36,78.9,23.9
2012,TBR,2012TBR,2406,6105,175,697,665,134,9.40%,21.70%,0.155,0.284,0.24,0.317,0.394,0.311,100,-0.7,-1,20.8,23.7
2012,WSN,2012WSN,2338,6221,194,731,688,105,7.70%,21.30%,0.166,0.308,0.261,0.322,0.428,0.324,101,-4.1,4.7,33,23.7
2012,TEX,2012TEX,2236,6216,200,808,780,91,7.70%,17.70%,0.173,0.306,0.273,0.334,0.446,0.336,106,-5.8,39.5,-27.3,23.3
2012,ARI,2012ARI,2213,6150,165,734,710,93,8.80%,20.60%,0.159,0.307,0.259,0.328,0.418,0.323,97,-5.6,-30.7,52,21.7
2012,SDP,2012SDP,2384,6112,121,651,610,155,8.80%,20.30%,0.133,0.297,0.247,0.319,0.38,0.307,97,13.8,-8.4,29.1,21.6
2012,PHI,2012PHI,2294,6172,158,684,659,116,7.40%,17.70%,0.144,0.29,0.255,0.317,0.4,0.311,93,10.7,-40.8,58.9,21.5
2012,CHW,2012CHW,2277,6111,211,748,726,109,7.50%,19.70%,0.167,0.289,0.255,0.318,0.422,0.322,98,-7,-18.2,8.7,20.7
2012,DET,2012DET,2248,6119,163,726,698,59,8.40%,18.00%,0.154,0.307,0.268,0.335,0.422,0.328,105,-17.8,15.4,-27.2,20.5
2012,BOS,2012BOS,2317,6166,165,734,695,97,6.90%,19.40%,0.155,0.301,0.26,0.315,0.415,0.316,95,2.6,-37.1,20,20.1
2012,OAK,2012OAK,2247,6183,195,713,676,122,8.90%,22.40%,0.166,0.281,0.238,0.31,0.404,0.311,97,19.4,0.3,-24.4,19.4
2012,NYM,2012NYM,2420,6091,139,650,625,79,8.30%,20.50%,0.137,0.298,0.249,0.316,0.386,0.306,94,-3.2,-48.8,16.1,15.9
2012,BAL,2012BAL,2282,6160,214,712,677,58,7.80%,21.30%,0.17,0.286,0.247,0.311,0.417,0.317,96,-17.1,-44,-24.7,14.6
2012,TOR,2012TOR,2289,6094,198,716,677,123,7.80%,20.50%,0.161,0.281,0.245,0.309,0.407,0.311,92,2.5,-55.8,-14,14.3
2012,LAD,2012LAD,2356,6091,116,637,607,104,7.90%,19.00%,0.122,0.298,0.252,0.317,0.374,0.302,90,-8.6,-81.9,28.9,13.8
2012,KCR,2012KCR,2249,6149,131,676,643,132,6.60%,16.80%,0.135,0.302,0.265,0.317,0.4,0.311,94,-7.4,-50.8,-35.7,12.7
2012,MIN,2012MIN,2271,6209,131,701,666,135,8.10%,17.20%,0.13,0.298,0.26,0.325,0.39,0.313,95,0.7,-32.5,-57.5,12.6
2012,CHC,2012CHC,2341,5967,137,613,570,94,7.50%,20.70%,0.138,0.286,0.24,0.302,0.378,0.297,81,-6,-138.9,65.7,11.3
2012,MIA,2012MIA,2269,6057,137,609,576,149,8.00%,20.30%,0.138,0.289,0.244,0.308,0.382,0.3,87,2.5,-92.9,10.9,10.6
2012,COL,2012COL,2429,6183,166,758,716,100,7.30%,19.60%,0.163,0.321,0.274,0.33,0.436,0.331,90,2.8,-73.8,-14.7,10.3
2012,PIT,2012PIT,2360,6014,170,651,620,73,7.40%,22.50%,0.152,0.291,0.243,0.304,0.395,0.304,91,-0.3,-67.8,-17,10.2
2012,SEA,2012SEA,2236,6057,149,619,584,104,7.70%,20.80%,0.135,0.276,0.234,0.296,0.369,0.291,87,0.1,-89.6,-30.3,8.9
2012,CLE,2012CLE,2339,6195,136,667,635,110,9.00%,17.50%,0.131,0.288,0.251,0.324,0.381,0.31,97,-13.6,-37.7,-93.2,8.2
2012,HOU,2012HOU,2421,6014,146,583,545,105,7.70%,22.70%,0.135,0.288,0.236,0.302,0.371,0.296,82,-16.9,-144.4,17.7,5.8
2011,NYY,2011NYY,2301,6306,222,867,836,147,9.90%,18.00%,0.181,0.292,0.263,0.343,0.444,0.345,113,6.6,101.6,39.7,37
2011,BOS,2011BOS,2269,6414,203,875,842,102,9.00%,17.30%,0.181,0.314,0.28,0.349,0.461,0.352,117,-12.2,114.3,16.2,36.3
2011,TEX,2011TEX,2186,6261,210,855,807,143,7.60%,14.90%,0.177,0.304,0.283,0.34,0.46,0.347,112,20.6,107.4,5.3,33.9
2011,MIL,2011MIL,2292,6113,185,721,693,94,7.90%,17.70%,0.164,0.293,0.261,0.325,0.425,0.327,103,0.3,20.6,82,30.5
2011,ARI,2011ARI,2230,6096,172,731,702,133,8.70%,20.50%,0.163,0.294,0.25,0.322,0.413,0.322,97,9,-14.8,117.8,30.5
2011,STL,2011STL,2403,6242,162,762,726,57,8.70%,15.70%,0.151,0.305,0.273,0.341,0.425,0.334,112,-16.5,72.3,17.6,29.6
2011,CIN,2011CIN,2358,6329,183,735,697,97,8.50%,19.80%,0.152,0.297,0.256,0.326,0.408,0.322,99,8.7,3.6,81.9,29.4
2011,TBR,2011TBR,2284,6152,172,707,674,155,9.30%,19.40%,0.159,0.281,0.244,0.322,0.402,0.319,103,10.4,35.1,23.1,27.7
2011,LAA,2011LAA,2187,6088,155,667,629,135,7.30%,17.80%,0.149,0.288,0.253,0.313,0.402,0.313,98,-3.8,-14.6,38,23.8
2011,DET,2011DET,2309,6231,169,787,750,49,8.40%,18.30%,0.157,0.318,0.277,0.34,0.434,0.337,109,-15.2,48.5,-36.5,23.1
2011,KCR,2011KCR,2134,6267,129,730,705,153,7.10%,16.10%,0.14,0.311,0.275,0.329,0.415,0.325,101,0.7,4.5,-25.3,19.8
2011,LAD,2011LAD,2304,6094,117,644,613,126,8.20%,17.80%,0.118,0.299,0.257,0.322,0.375,0.307,95,10.2,-24.6,24.3,19.6
2011,PHI,2011PHI,2203,6279,153,713,693,96,8.60%,16.30%,0.142,0.283,0.253,0.323,0.395,0.315,96,3.5,-29.5,17.9,19
2011,ATL,2011ATL,2322,6169,173,641,606,77,8.20%,20.40%,0.144,0.284,0.243,0.308,0.387,0.306,91,-4.8,-70.5,57.9,18.5
2011,SFG,2011SFG,2370,6091,121,570,534,85,7.40%,18.40%,0.126,0.281,0.242,0.303,0.368,0.295,88,-6.5,-87.9,74.2,18.1
2011,NYM,2011NYM,2383,6335,108,718,676,130,9.00%,17.10%,0.127,0.307,0.264,0.335,0.391,0.319,102,11.1,25,-55.1,17.2
2011,WSN,2011WSN,2341,6090,154,624,594,106,7.70%,21.70%,0.14,0.292,0.242,0.309,0.383,0.305,89,3.7,-73.4,45.6,16.6
2011,TOR,2011TOR,2265,6210,186,743,704,131,8.50%,19.10%,0.164,0.283,0.249,0.317,0.413,0.319,97,12.1,-11.6,-46.8,15.6
2011,SDP,2011SDP,2355,6074,91,593,563,170,8.20%,21.70%,0.112,0.294,0.237,0.305,0.349,0.29,86,18.2,-77.2,34.3,15
2011,CHC,2011CHC,2373,6130,148,654,610,69,6.90%,19.60%,0.144,0.301,0.256,0.314,0.401,0.314,91,-17.7,-80.2,29.5,14.3
2011,FLA,2011FLA,2348,6232,149,625,596,95,8.70%,20.00%,0.142,0.291,0.247,0.318,0.388,0.311,92,2.1,-56.1,-3.7,13.7
2011,HOU,2011HOU,2377,6150,95,615,579,118,6.50%,18.90%,0.116,0.308,0.258,0.311,0.374,0.301,88,-0.6,-89.1,28.3,13.3
2011,BAL,2011BAL,2262,6156,191,708,684,81,7.30%,18.20%,0.156,0.288,0.257,0.316,0.413,0.32,96,-11.3,-39.1,-48.9,12.3
2011,COL,2011COL,2348,6275,163,735,697,118,8.80%,19.10%,0.152,0.3,0.258,0.329,0.41,0.324,88,-1.8,-92.6,12.7,11.7
2011,CHW,2011CHW,2206,6159,154,654,625,81,7.70%,16.10%,0.136,0.28,0.252,0.319,0.388,0.312,90,-9.9,-80,-13.9,11.7
2011,CLE,2011CLE,2287,6142,154,704,671,89,8.00%,20.70%,0.146,0.297,0.25,0.317,0.396,0.314,99,0.4,-8.5,-107.2,9.3
2011,OAK,2011OAK,2229,6104,114,645,612,117,8.30%,17.90%,0.125,0.283,0.244,0.311,0.369,0.301,89,-6.5,-82.2,-49.5,7.5
2011,PIT,2011PIT,2444,6064,107,610,580,108,8.10%,21.60%,0.123,0.301,0.244,0.309,0.368,0.299,88,-15.2,-103.1,-17.8,6.7
2011,MIN,2011MIN,2269,6020,103,619,572,92,7.30%,17.40%,0.113,0.288,0.247,0.306,0.36,0.296,82,-6.5,-133.4,-25.8,4.3
2011,SEA,2011SEA,2090,5972,109,556,534,125,7.30%,21.40%,0.115,0.283,0.233,0.292,0.348,0.283,80,11.9,-124.4,-36.6,3.9
2010,CIN,2010CIN,2370,6285,188,790,761,93,8.30%,19.40%,0.164,0.314,0.272,0.338,0.436,0.34,106,12.7,57.2,96.8,35.7
2010,NYY,2010NYY,2313,6379,201,859,823,103,10.40%,17.80%,0.169,0.3,0.267,0.35,0.436,0.346,112,12.1,101.5,-24.8,31.2
2010,TBR,2010TBR,2361,6270,160,802,769,172,10.70%,20.60%,0.156,0.293,0.247,0.333,0.403,0.326,106,37.6,78.5,-3.2,30.7
2010,MIL,2010MIL,2262,6304,182,750,710,81,8.70%,19.30%,0.161,0.304,0.262,0.335,0.424,0.334,104,0.6,32.4,66.3,30
2010,MIN,2010MIN,2290,6257,142,781,749,68,8.90%,15.50%,0.148,0.306,0.273,0.341,0.422,0.335,106,-15.8,29.5,17.9,27.8
2010,SFG,2010SFG,2354,6143,162,697,660,55,7.90%,17.90%,0.151,0.293,0.257,0.321,0.408,0.32,98,-18.3,-31.6,95.2,25.8
2010,STL,2010STL,2347,6241,150,736,689,79,8.70%,16.50%,0.139,0.296,0.263,0.332,0.402,0.322,99,1.8,-6.8,59.6,25
2010,BOS,2010BOS,2327,6356,211,818,782,68,9.20%,17.90%,0.183,0.299,0.268,0.339,0.451,0.345,109,-7.2,59.7,-43.4,24.9
2010,TOR,2010TOR,2206,6072,257,755,732,58,7.80%,19.20%,0.206,0.269,0.248,0.312,0.454,0.334,105,-12.3,25.1,-9.9,23.7
2010,ATL,2010ATL,2376,6252,139,738,699,63,10.10%,18.20%,0.143,0.301,0.258,0.339,0.401,0.327,100,-2.1,-2.9,41.9,23.6
2010,SDP,2010SDP,2352,6148,132,665,630,124,8.80%,19.20%,0.125,0.29,0.246,0.317,0.371,0.304,92,9.3,-50.2,91.9,23.6
2010,DET,2010DET,2274,6312,152,751,717,69,8.70%,18.20%,0.147,0.311,0.268,0.335,0.415,0.33,102,9.7,23.9,-18.7,23.6
2010,PHI,2010PHI,2277,6291,166,772,736,108,8.90%,16.90%,0.153,0.292,0.26,0.332,0.413,0.327,99,13.3,5.5,27.4,23.1
2010,TEX,2010TEX,2312,6302,162,787,740,123,8.10%,15.60%,0.143,0.307,0.276,0.338,0.419,0.333,98,4.5,-7,-4.1,21.8
2010,ARI,2010ARI,2271,6183,180,713,691,86,9.50%,24.70%,0.166,0.312,0.25,0.325,0.416,0.325,93,-8.3,-62.7,85.8,21.8
2010,OAK,2010OAK,2255,6117,109,663,619,156,8.60%,17.30%,0.122,0.297,0.256,0.324,0.378,0.313,95,17.8,-20.6,1,20.3
2010,WSN,2010WSN,2410,6100,149,655,634,110,8.20%,20.00%,0.14,0.294,0.25,0.318,0.39,0.313,90,-11.3,-84.4,59.9,16.6
2010,FLA,2010FLA,2300,6194,152,719,686,92,8.30%,22.20%,0.149,0.309,0.254,0.321,0.403,0.318,92,22.5,-36.1,2.7,15.9
2010,CHW,2010CHW,2212,6118,177,752,710,160,7.60%,15.10%,0.152,0.292,0.268,0.332,0.42,0.332,100,-8.1,-7.7,-56.3,15.7
2010,NYM,2010NYM,2348,6144,128,656,625,130,8.20%,17.80%,0.134,0.287,0.249,0.314,0.383,0.307,89,10.6,-70.9,30.6,15.1
2010,LAA,2010LAA,2236,6089,155,681,656,104,7.70%,17.60%,0.142,0.281,0.248,0.311,0.39,0.31,94,-8.8,-54.2,-24.1,14.1
2010,CHC,2010CHC,2307,6140,149,685,658,55,7.80%,20.10%,0.145,0.304,0.257,0.32,0.401,0.318,90,-10.3,-81.7,29,13.8
2010,COL,2010COL,2379,6265,173,770,741,99,9.30%,20.30%,0.162,0.31,0.263,0.336,0.425,0.333,91,9.3,-62,2.5,13.5
2010,LAD,2010LAD,2310,6140,120,667,621,92,8.70%,19.30%,0.127,0.299,0.252,0.322,0.379,0.309,92,1.3,-60.6,3.4,13.3
2010,CLE,2010CLE,2255,6165,128,646,601,91,8.80%,19.20%,0.13,0.293,0.248,0.322,0.378,0.311,94,1.3,-40.7,-70.3,11
2010,KCR,2010KCR,2190,6209,121,676,640,115,7.60%,14.60%,0.126,0.305,0.274,0.331,0.399,0.323,98,-28.4,-42.1,-81.2,9.9
2010,BAL,2010BAL,2240,6109,133,613,577,76,6.90%,17.30%,0.127,0.296,0.259,0.316,0.386,0.31,87,-21,-111.8,-11,9.6
2010,HOU,2010HOU,2358,6005,108,611,577,100,6.90%,17.10%,0.115,0.285,0.247,0.303,0.362,0.295,79,-6.4,-156.6,27.6,5.4
2010,SEA,2010SEA,2104,5989,101,513,485,142,7.70%,19.80%,0.104,0.282,0.236,0.298,0.339,0.285,79,-1,-148.9,-40.5,2.2
2010,PIT,2010PIT,2327,5974,126,587,570,87,7.80%,20.20%,0.131,0.288,0.242,0.304,0.373,0.3,84,-5.8,-119,-48.1,1.4
2009,TBR,2009TBR,2345,6223,199,803,765,194,10.30%,19.70%,0.177,0.303,0.263,0.343,0.439,0.342,109,21.6,90.5,41.8,35.1
2009,NYY,2009NYY,2369,6449,244,915,881,111,10.30%,15.70%,0.194,0.306,0.283,0.362,0.478,0.365,117,0.2,137.5,-25.5,33.8
2009,PHI,2009PHI,2285,6338,224,820,788,119,9.30%,18.20%,0.189,0.286,0.258,0.334,0.447,0.339,103,20,42.5,78.4,32
2009,LAA,2009LAA,2246,6305,173,883,841,148,8.70%,16.70%,0.156,0.322,0.285,0.35,0.441,0.346,108,8.6,75.5,-5.4,29.1
2009,LAD,2009LAD,2352,6385,145,780,739,116,9.50%,16.70%,0.141,0.309,0.27,0.346,0.412,0.332,102,4,18.7,55.4,27.4
2009,MIL,2009MIL,2321,6296,182,785,757,68,9.70%,19.60%,0.164,0.305,0.263,0.341,0.426,0.336,103,-9.6,10.2,38.9,24.6
2009,BOS,2009BOS,2317,6344,212,872,822,126,10.40%,17.70%,0.184,0.301,0.27,0.352,0.454,0.351,106,-7.7,40.7,-19.8,24.4
2009,STL,2009STL,2358,6168,160,730,694,75,8.60%,16.90%,0.152,0.296,0.263,0.332,0.415,0.325,98,13.4,-1.6,50,24.2
2009,MIN,2009MIN,2315,6346,172,817,770,85,9.20%,16.10%,0.155,0.306,0.274,0.345,0.429,0.338,104,15.3,42.9,-41.4,22.4
2009,ATL,2009ATL,2335,6335,149,735,700,58,9.50%,16.80%,0.142,0.3,0.263,0.339,0.405,0.327,97,-20.2,-44.2,67.6,22.2
2009,CIN,2009CIN,2314,6187,158,673,637,96,8.60%,18.20%,0.147,0.282,0.247,0.318,0.394,0.313,84,5.2,-118.5,119.4,19.5
2009,TOR,2009TOR,2202,6362,209,798,766,73,8.60%,16.20%,0.174,0.29,0.266,0.333,0.44,0.337,101,12.2,21.5,-50,19.5
2009,FLA,2009FLA,2394,6312,159,772,727,75,9.00%,19.40%,0.148,0.316,0.268,0.34,0.416,0.332,97,4.5,-16.7,12,19.3
2009,TEX,2009TEX,2158,6127,224,784,748,149,7.70%,20.50%,0.185,0.296,0.26,0.32,0.445,0.331,92,9.1,-49.8,24.6,19
2009,COL,2009COL,2352,6241,190,804,760,106,10.60%,20.50%,0.18,0.305,0.261,0.343,0.441,0.341,96,5.3,-29.7,22.8,18.9
2009,ARI,2009ARI,2301,6269,173,720,686,102,9.10%,20.70%,0.165,0.299,0.253,0.324,0.418,0.324,89,13.1,-75.3,53.6,17.5
2009,SEA,2009SEA,2150,6113,160,640,613,89,6.90%,17.90%,0.144,0.293,0.258,0.314,0.402,0.313,89,-4.5,-87,40,16.8
2009,SFG,2009SFG,2304,6057,122,657,612,78,6.50%,19.10%,0.132,0.302,0.257,0.309,0.389,0.305,83,10,-118.1,94,16.6
2009,SDP,2009SDP,2348,6179,141,638,605,82,9.50%,19.10%,0.138,0.284,0.242,0.321,0.381,0.309,93,-10.4,-67.1,28.9,15.5
2009,WSN,2009WSN,2401,6273,156,710,685,73,9.80%,19.30%,0.148,0.302,0.258,0.337,0.406,0.327,96,-5.7,-37.9,-7.6,15.1
2009,DET,2009DET,2350,6234,183,743,718,72,8.70%,17.90%,0.156,0.294,0.26,0.331,0.416,0.328,94,0.4,-48.5,-19.9,15
2009,OAK,2009OAK,2306,6247,135,759,723,133,8.40%,16.70%,0.135,0.298,0.262,0.328,0.397,0.32,94,12.8,-38,-34.9,14.6
2009,CLE,2009CLE,2188,6320,161,773,730,84,9.20%,19.20%,0.153,0.308,0.264,0.339,0.417,0.333,100,-1.1,-0.7,-75.7,14.5
2009,CHC,2009CHC,2343,6244,161,707,678,56,9.50%,19.00%,0.152,0.296,0.255,0.332,0.407,0.324,90,-13.2,-89.3,39,14.5
2009,NYM,2009NYM,2377,6159,95,671,631,122,8.50%,15.10%,0.124,0.307,0.27,0.335,0.394,0.32,94,-5.4,-48.2,-16.8,12.8
2009,HOU,2009HOU,2340,6040,142,643,616,113,7.40%,16.40%,0.14,0.293,0.26,0.319,0.4,0.315,89,-18,-99,37,12.7
2009,BAL,2009BAL,2281,6233,160,741,708,76,8.30%,16.30%,0.147,0.3,0.268,0.332,0.415,0.328,93,-20.1,-74.3,-28.1,11.6
2009,PIT,2009PIT,2195,6058,125,636,612,90,8.20%,18.90%,0.135,0.296,0.252,0.318,0.387,0.31,86,-6.2,-113,27.8,10.5
2009,CHW,2009CHW,2241,6132,184,724,695,113,8.70%,16.70%,0.153,0.285,0.258,0.329,0.411,0.326,91,-13,-84,-45.1,8.6
2009,KCR,2009KCR,2247,6103,144,686,657,88,7.50%,17.90%,0.146,0.298,0.259,0.318,0.405,0.318,88,-18.9,-110.3,-82,2.2
2008,STL,2008STL,2396,6370,174,779,744,73,9.10%,15.50%,0.152,0.312,0.281,0.35,0.433,0.342,107,-10,46.4,90.6,34
2008,BOS,2008BOS,2293,6402,173,845,807,120,10.10%,16.70%,0.168,0.315,0.28,0.358,0.447,0.351,110,-4.7,72.2,35.4,32.9
2008,PHI,2008PHI,2396,6273,214,799,762,136,9.30%,17.80%,0.182,0.283,0.255,0.332,0.438,0.334,98,23.6,4.7,123.4,32.8
2008,CHC,2008CHC,2345,6384,184,855,811,87,10.00%,18.60%,0.165,0.321,0.278,0.354,0.443,0.349,104,6.1,33.2,64.1,30.1
2008,TBR,2008TBR,2299,6312,180,774,735,142,9.90%,19.40%,0.162,0.302,0.26,0.34,0.422,0.335,105,5.6,43.8,30.3,29.2
2008,NYM,2008NYM,2405,6388,172,799,751,138,9.70%,16.00%,0.154,0.296,0.266,0.34,0.42,0.332,100,12.7,13.4,72,28.9
2008,MIL,2008MIL,2227,6252,198,750,722,108,8.80%,19.20%,0.179,0.287,0.253,0.325,0.431,0.329,97,8.9,-11.7,58.8,24.6
2008,ATL,2008ATL,2407,6368,130,753,721,58,9.70%,16.10%,0.138,0.309,0.27,0.345,0.408,0.332,99,-5.8,-12.5,54.2,24.5
2008,CLE,2008CLE,2199,6299,171,805,772,77,8.90%,19.30%,0.162,0.305,0.262,0.339,0.424,0.334,103,0.7,24.6,-2.8,24
2008,TEX,2008TEX,2281,6478,194,901,867,81,9.20%,18.60%,0.179,0.325,0.283,0.354,0.462,0.355,112,11.1,108.1,-97.3,23.5
2008,HOU,2008HOU,2312,6051,167,712,684,114,7.40%,17.40%,0.152,0.296,0.263,0.323,0.415,0.322,93,0.4,-49.2,89.3,23.3
2008,NYY,2008NYY,2330,6257,180,789,758,118,8.60%,16.20%,0.156,0.302,0.271,0.342,0.427,0.338,104,-6.7,24.3,-28.4,21.3
2008,MIN,2008MIN,2287,6331,111,829,791,102,8.40%,15.50%,0.129,0.316,0.279,0.34,0.408,0.328,99,12.3,4.7,-30.5,19.3
2008,BAL,2008BAL,2340,6211,172,782,750,81,8.60%,15.90%,0.162,0.296,0.267,0.333,0.429,0.333,99,-5.1,-17,-7.7,19
2008,FLA,2008FLA,2361,6206,208,770,741,76,8.70%,22.10%,0.179,0.3,0.254,0.326,0.433,0.33,96,5.7,-27.5,14.2,18.5
2008,LAA,2008LAA,2229,6155,159,765,721,129,7.80%,16.00%,0.145,0.299,0.268,0.33,0.413,0.324,96,-1,-30.9,-6.5,17.6
2008,TOR,2008TOR,2244,6191,126,714,681,80,8.40%,15.20%,0.135,0.295,0.264,0.331,0.399,0.322,94,-10.9,-60.7,19.1,17.3
2008,DET,2008DET,2267,6331,200,821,780,63,9.00%,17.00%,0.173,0.301,0.271,0.34,0.444,0.343,106,-6.7,42.3,-93.8,16.8
2008,LAD,2008LAD,2376,6194,137,700,659,126,8.80%,16.70%,0.134,0.301,0.264,0.333,0.399,0.321,93,5.1,-51.1,20.4,16.7
2008,CHW,2008CHW,2298,6231,235,811,785,67,8.70%,16.30%,0.185,0.281,0.263,0.332,0.448,0.339,101,-27.4,-17.7,-43.6,15.5
2008,OAK,2008OAK,2282,6138,125,646,610,88,9.40%,20.00%,0.127,0.289,0.242,0.318,0.369,0.306,86,12.4,-92.7,27.1,14.7
2008,SDP,2008SDP,2343,6244,154,637,615,36,8.30%,20.20%,0.14,0.294,0.25,0.317,0.39,0.311,92,-4.2,-63.7,2.6,13.8
2008,CIN,2008CIN,2392,6188,187,704,677,85,9.00%,18.20%,0.161,0.278,0.247,0.321,0.408,0.319,87,1.1,-103.2,43.7,13.8
2008,SFG,2008SFG,2382,6145,94,640,606,108,7.40%,17.00%,0.12,0.305,0.262,0.321,0.382,0.309,83,-15.4,-149.4,55.9,10.3
2008,ARI,2008ARI,2280,6156,159,720,683,58,9.50%,20.90%,0.164,0.299,0.251,0.327,0.415,0.324,88,12.1,-83.9,-17.2,9.5
2008,WSN,2008WSN,2397,6192,117,641,608,81,8.60%,17.70%,0.122,0.292,0.251,0.323,0.373,0.31,84,-16.8,-145.4,32.7,8.5
2008,COL,2008COL,2310,6312,160,747,714,141,9.00%,19.20%,0.152,0.308,0.263,0.336,0.415,0.33,88,15.2,-80.7,-40.3,8.1
2008,SEA,2008SEA,2296,6176,124,671,631,90,6.80%,14.40%,0.124,0.294,0.265,0.318,0.389,0.31,90,-8.9,-86.1,-52.4,7.6
2008,KCR,2008KCR,2250,6118,120,691,650,79,6.40%,16.40%,0.128,0.307,0.269,0.32,0.397,0.315,87,-9.5,-109.1,-29.6,7.4
2008,PIT,2008PIT,2340,6278,153,735,705,57,7.60%,16.50%,0.145,0.29,0.258,0.32,0.403,0.317,89,0.1,-89.2,-48.6,6.3