Season,Team,TeamsByYear,HR,R,RBI,SB,BB,K,ISO,BABIP,AVG,OBP,SLG,wOBA,wRC+,BsR,Off,Def,WAR
2022,LAD,2022LAD,212,847,812,98,0.097,0.22,0.185,0.302,0.257,0.333,0.442,0.337,119,19.9,158.9,1.1,38.9
2022,NYY,2022NYY,254,807,764,102,0.101,0.225,0.185,0.276,0.241,0.325,0.426,0.327,115,-5.7,98.5,39.5,35.1
2022,STL,2022STL,197,772,739,95,0.087,0.199,0.168,0.289,0.252,0.325,0.42,0.326,114,4.7,102.5,2.9,32.8
2022,NYM,2022NYM,171,772,735,62,0.083,0.197,0.153,0.302,0.259,0.332,0.412,0.326,116,-10.8,103.4,-12.8,31.3
2022,TOR,2022TOR,200,775,756,67,0.081,0.202,0.168,0.305,0.264,0.329,0.431,0.331,117,-10.5,110.7,-10.2,31.1
2022,HOU,2022HOU,214,737,715,83,0.087,0.195,0.176,0.278,0.248,0.319,0.424,0.324,112,-8.9,75,13.2,29.5
2022,ATL,2022ATL,243,789,753,87,0.077,0.246,0.19,0.303,0.253,0.317,0.443,0.33,111,9.7,85,-14.7,28.9
2022,MIL,2022MIL,219,725,703,96,0.094,0.239,0.174,0.279,0.235,0.315,0.409,0.317,103,5.6,30.5,-4.7,24.3
2022,SEA,2022SEA,197,690,664,83,0.097,0.228,0.16,0.272,0.23,0.315,0.39,0.311,107,-10,38.1,-14.3,23
2022,CLE,2022CLE,127,698,662,119,0.073,0.182,0.129,0.294,0.254,0.316,0.383,0.306,99,13.2,3.8,6.2,21.7
2022,PHI,2022PHI,205,747,719,105,0.079,0.224,0.169,0.299,0.253,0.317,0.422,0.322,106,9.9,50.8,-50,21.6
2022,SDP,2022SDP,153,705,682,49,0.093,0.215,0.141,0.289,0.241,0.318,0.382,0.308,102,3.9,17.7,-22.8,21.3
2022,MIN,2022MIN,178,696,668,38,0.085,0.221,0.153,0.295,0.248,0.317,0.401,0.315,107,-20.7,25.1,-19,21.1
2022,TBR,2022TBR,139,666,634,95,0.083,0.232,0.138,0.295,0.239,0.309,0.377,0.302,101,4,12.9,-15.4,19.8
2022,ARI,2022ARI,173,702,658,104,0.088,0.222,0.155,0.272,0.23,0.304,0.385,0.303,92,25.4,-27.5,13.1,19.8
2022,BAL,2022BAL,171,674,639,95,0.079,0.23,0.154,0.284,0.236,0.305,0.39,0.305,99,12,2.6,-14.8,18.9
2022,TEX,2022TEX,198,707,670,128,0.076,0.24,0.157,0.287,0.239,0.301,0.395,0.305,98,18.8,5,-16.7,18.9
2022,BOS,2022BOS,155,735,704,52,0.078,0.223,0.152,0.313,0.258,0.321,0.409,0.319,102,-11.6,3.8,-28.3,18
2022,CHC,2022CHC,159,657,620,111,0.083,0.238,0.148,0.294,0.238,0.311,0.387,0.307,97,-1.8,-19.5,-35.6,15.7
2022,SFG,2022SFG,183,716,683,64,0.093,0.239,0.156,0.284,0.234,0.315,0.39,0.311,101,3,12.8,-69.5,15.7
2022,CHW,2022CHW,149,686,654,58,0.063,0.207,0.131,0.304,0.256,0.31,0.387,0.306,99,-3,-12.7,-36.9,15.3
2022,LAA,2022LAA,190,623,600,77,0.075,0.257,0.157,0.289,0.233,0.297,0.39,0.3,93,-0.8,-47.5,-29.4,11.9
2022,KCR,2022KCR,138,640,613,104,0.077,0.214,0.136,0.293,0.244,0.306,0.38,0.302,93,2.2,-48.7,-40.6,10.7
2022,MIA,2022MIA,144,586,554,122,0.073,0.24,0.133,0.284,0.23,0.294,0.363,0.29,88,-2.6,-84.2,-15.4,10.6
2022,OAK,2022OAK,137,568,537,78,0.074,0.237,0.13,0.264,0.216,0.281,0.346,0.277,84,1.4,-105,-16.2,6.9
2022,COL,2022COL,149,698,669,45,0.074,0.218,0.144,0.307,0.254,0.315,0.398,0.312,86,-2.6,-102,-38.6,6.8
2022,PIT,2022PIT,158,591,555,90,0.08,0.253,0.141,0.277,0.222,0.291,0.364,0.289,84,6.9,-101.6,-32.9,6.8
2022,WSN,2022WSN,136,603,579,75,0.074,0.204,0.129,0.295,0.249,0.31,0.377,0.303,93,-25.2,-75.4,-68.4,6.1
2022,CIN,2022CIN,156,648,618,58,0.076,0.239,0.137,0.29,0.235,0.304,0.372,0.299,84,-15.6,-123.7,-28.4,5.2
2022,DET,2022DET,110,557,530,47,0.065,0.241,0.115,0.29,0.231,0.286,0.346,0.279,81,-8.6,-133.2,-29.7,2.5
2021,HOU,2021HOU,221,863,834,53,0.09,0.194,0.177,0.303,0.267,0.339,0.444,0.336,114,-6.2,104.5,19,33.8
2021,TBR,2021TBR,222,857,810,88,0.094,0.248,0.186,0.294,0.243,0.321,0.429,0.322,109,11.2,81.1,23.6,31.7
2021,SFG,2021SFG,241,804,768,66,0.097,0.236,0.191,0.295,0.249,0.329,0.44,0.329,107,-6.4,46,55.4,31
2021,TOR,2021TOR,262,846,816,81,0.082,0.201,0.2,0.296,0.266,0.33,0.466,0.34,112,2.8,95.1,-4.6,29.8
2021,LAD,2021LAD,237,830,799,65,0.098,0.226,0.185,0.284,0.244,0.33,0.429,0.327,105,9.3,48.9,31.2,29
2021,STL,2021STL,198,706,678,89,0.08,0.223,0.168,0.287,0.244,0.313,0.412,0.312,97,11.7,-13.4,66.8,25.6
2021,OAK,2021OAK,199,743,698,88,0.089,0.221,0.168,0.278,0.238,0.317,0.406,0.313,103,11.8,34.4,2.7,24.5
2021,ATL,2021ATL,239,790,762,59,0.091,0.24,0.191,0.288,0.244,0.319,0.435,0.323,99,5.4,-6.3,42.8,24
2021,CHW,2021CHW,190,796,757,57,0.096,0.228,0.166,0.31,0.256,0.336,0.422,0.329,108,-0.9,59.7,-35.7,23.1
2021,BOS,2021BOS,219,829,783,40,0.084,0.226,0.188,0.309,0.261,0.328,0.449,0.333,106,-4.4,39,-29.8,21.8
2021,NYM,2021NYM,176,636,604,54,0.085,0.238,0.152,0.291,0.239,0.315,0.391,0.307,96,-13.5,-41.7,60.8,21.6
2021,MIN,2021MIN,228,729,690,54,0.086,0.231,0.182,0.282,0.241,0.314,0.423,0.318,102,-3.1,14.5,-9.5,21.2
2021,SDP,2021SDP,180,729,695,110,0.096,0.216,0.159,0.287,0.242,0.321,0.401,0.312,98,0.7,-17.7,23.1,21.1
2021,WSN,2021WSN,182,724,686,56,0.094,0.213,0.159,0.307,0.258,0.337,0.417,0.326,101,-25.4,-15.3,8.8,19.9
2021,MIL,2021MIL,194,738,700,82,0.096,0.24,0.163,0.283,0.233,0.317,0.396,0.31,92,8.5,-52.2,37.1,19
2021,PHI,2021PHI,198,734,700,77,0.093,0.23,0.168,0.286,0.24,0.318,0.408,0.313,93,7.8,-46,27.4,18.6
2021,CHC,2021CHC,210,705,672,86,0.084,0.267,0.171,0.296,0.237,0.312,0.407,0.311,94,-8.6,-58,28.7,17.2
2021,CIN,2021CIN,222,786,756,36,0.09,0.231,0.182,0.296,0.249,0.328,0.431,0.327,97,-15.1,-40.3,-2.2,16.5
2021,NYY,2021NYY,222,711,666,63,0.102,0.245,0.169,0.285,0.237,0.322,0.407,0.317,101,-15.1,-4.5,-37.5,16.4
2021,CLE,2021CLE,203,717,686,109,0.077,0.235,0.169,0.282,0.238,0.303,0.407,0.306,93,7.4,-42.1,3.8,16.3
2021,KCR,2021KCR,163,686,647,124,0.07,0.21,0.147,0.292,0.249,0.306,0.396,0.304,88,13.2,-72.5,0.5,13.2
2021,SEA,2021SEA,199,697,673,64,0.089,0.248,0.159,0.273,0.226,0.303,0.385,0.3,94,-7.1,-53.9,-28,12.3
2021,MIA,2021MIA,158,623,594,106,0.076,0.262,0.139,0.296,0.233,0.298,0.372,0.291,83,0.4,-130.7,52.2,12.1
2021,TEX,2021TEX,167,625,598,106,0.073,0.232,0.143,0.28,0.232,0.294,0.375,0.291,83,-1.8,-124.2,40.9,11.9
2021,LAA,2021LAA,190,723,691,79,0.077,0.232,0.162,0.294,0.245,0.31,0.407,0.308,93,6.8,-43.7,-45.4,11.6
2021,COL,2021COL,182,739,709,76,0.082,0.226,0.165,0.299,0.249,0.317,0.414,0.315,81,12.4,-133.5,44.3,11.3
2021,ARI,2021ARI,144,679,644,43,0.087,0.238,0.146,0.295,0.236,0.309,0.382,0.301,85,6.6,-113.2,15.7,10.9
2021,DET,2021DET,179,697,675,88,0.082,0.253,0.158,0.3,0.242,0.308,0.399,0.306,94,1.2,-41.2,-57.3,10.5
2021,PIT,2021PIT,124,609,570,60,0.088,0.222,0.128,0.29,0.236,0.309,0.364,0.294,82,-3.9,-143.4,14.1,7.2
2021,BAL,2021BAL,195,659,632,54,0.075,0.243,0.163,0.29,0.239,0.304,0.402,0.305,91,-6.2,-75.5,-62.2,6.6
2020,CHW,2020CHW,96,306,294,20,0.079,0.252,0.192,0.314,0.261,0.326,0.453,0.334,111,-0.5,30.6,7.9,13.5
2020,SDP,2020SDP,95,325,312,55,0.091,0.215,0.209,0.291,0.257,0.333,0.466,0.341,116,2.1,48.9,6,13.4
2020,LAD,2020LAD,118,349,327,29,0.098,0.203,0.227,0.276,0.256,0.338,0.483,0.35,120,-5.1,54.7,-5,13.2
2020,ATL,2020ATL,103,348,338,23,0.102,0.244,0.215,0.322,0.268,0.349,0.483,0.355,120,3.7,63,3.1,12.5
2020,NYM,2020NYM,86,286,278,20,0.086,0.219,0.187,0.32,0.272,0.348,0.459,0.347,123,-11.1,55.1,-11.2,10.2
2020,NYY,2020NYY,94,315,301,27,0.114,0.217,0.2,0.28,0.247,0.342,0.447,0.341,117,6,51.9,-8.8,9.9
2020,MIN,2020MIN,91,269,258,14,0.086,0.244,0.186,0.283,0.242,0.315,0.427,0.319,103,0.4,8.4,-2.4,9.9
2020,SFG,2020SFG,81,299,290,19,0.086,0.221,0.187,0.311,0.263,0.335,0.451,0.337,112,-3.2,30.8,-12.9,9.9
2020,TBR,2020TBR,80,289,274,48,0.107,0.269,0.187,0.3,0.238,0.328,0.425,0.325,111,5.6,35.1,4,9.7
2020,OAK,2020OAK,71,274,264,26,0.108,0.238,0.171,0.271,0.225,0.322,0.396,0.314,103,6.4,14.5,-9.7,8.4
2020,CHC,2020CHC,74,265,248,24,0.103,0.257,0.167,0.27,0.22,0.318,0.387,0.309,92,4.7,-18.2,2,7.9
2020,CLE,2020CLE,59,248,234,25,0.106,0.23,0.144,0.277,0.228,0.317,0.372,0.303,90,-1.2,-28.3,5.5,7.4
2020,STL,2020STL,51,240,231,18,0.102,0.237,0.137,0.29,0.234,0.323,0.371,0.306,93,-0.7,-17.4,4.9,7.4
2020,BOS,2020BOS,81,292,278,31,0.081,0.237,0.18,0.321,0.265,0.33,0.445,0.333,105,-0.5,14,-0.3,7.3
2020,LAA,2020LAA,85,294,285,21,0.104,0.212,0.182,0.284,0.248,0.332,0.43,0.329,106,-3.5,14.9,-26.3,7.2
2020,KCR,2020KCR,68,248,237,49,0.078,0.24,0.158,0.297,0.244,0.309,0.402,0.308,90,3.1,-23.2,-0.8,7.1
2020,PHI,2020PHI,82,306,289,35,0.103,0.216,0.183,0.299,0.257,0.342,0.439,0.336,108,3.3,27,-22.1,6.3
2020,HOU,2020HOU,69,279,268,22,0.086,0.197,0.168,0.273,0.24,0.312,0.408,0.311,97,-0.6,-9.8,-13,5.8
2020,ARI,2020ARI,58,269,255,23,0.081,0.206,0.15,0.282,0.241,0.312,0.391,0.306,88,5.5,-29.5,5,5.7
2020,SEA,2020SEA,60,254,244,50,0.095,0.25,0.144,0.281,0.226,0.309,0.37,0.298,92,7,-15.4,-9,5.5
2020,DET,2020DET,62,249,242,19,0.071,0.273,0.152,0.314,0.245,0.303,0.397,0.303,92,-2.3,-23.3,-13.2,5.4
2020,TOR,2020TOR,88,302,288,33,0.09,0.224,0.186,0.297,0.255,0.325,0.441,0.329,104,-2.9,7.8,-16.7,5
2020,MIL,2020MIL,75,247,238,15,0.101,0.266,0.166,0.278,0.223,0.313,0.389,0.307,90,-17.6,-46,-1.5,4.8
2020,WSN,2020WSN,66,293,279,33,0.087,0.203,0.17,0.308,0.264,0.336,0.433,0.33,104,-3.6,9,-24.6,4.3
2020,BAL,2020BAL,77,274,264,19,0.073,0.229,0.171,0.309,0.258,0.321,0.429,0.323,102,-4.1,1.2,-23,3.7
2020,CIN,2020CIN,90,243,237,29,0.113,0.252,0.191,0.245,0.212,0.312,0.403,0.312,87,-6,-42.2,-13.9,3.7
2020,MIA,2020MIA,60,263,247,51,0.088,0.248,0.141,0.306,0.244,0.319,0.384,0.308,93,4,-15,-18.2,2.4
2020,COL,2020COL,63,275,264,42,0.071,0.241,0.148,0.316,0.257,0.311,0.405,0.307,76,10.8,-58.9,-6.2,1.8
2020,PIT,2020PIT,59,219,210,16,0.078,0.244,0.137,0.268,0.22,0.284,0.357,0.279,72,-2.3,-79.8,0.5,1.5
2020,TEX,2020TEX,62,224,204,49,0.078,0.255,0.147,0.266,0.217,0.285,0.364,0.283,76,3,-59.6,-17.5,0.2
2019,HOU,2019HOU,288,920,891,67,0.101,0.182,0.221,0.296,0.274,0.352,0.495,0.355,124,-9.5,187.8,15.1,42.1
2019,LAD,2019LAD,279,886,861,57,0.097,0.216,0.215,0.291,0.257,0.338,0.472,0.338,110,11.9,92.5,59.1,34.2
2019,MIN,2019MIN,307,939,906,28,0.082,0.209,0.224,0.3,0.27,0.338,0.494,0.347,116,-8.4,125.4,-31.1,31.6
2019,NYY,2019NYY,306,943,904,55,0.091,0.23,0.222,0.306,0.267,0.339,0.49,0.346,117,-0.8,132.5,-40.5,30.8
2019,WSN,2019WSN,231,873,824,116,0.093,0.209,0.19,0.306,0.265,0.342,0.454,0.336,104,3.7,34.7,57.9,28.4
2019,BOS,2019BOS,245,901,857,68,0.091,0.213,0.197,0.313,0.269,0.34,0.466,0.338,106,-7,41.7,12.1,27.9
2019,ATL,2019ATL,249,855,824,89,0.098,0.233,0.195,0.305,0.258,0.336,0.452,0.332,101,11,18.3,64.4,27.6
2019,OAK,2019OAK,257,845,800,49,0.092,0.213,0.199,0.282,0.249,0.327,0.448,0.327,107,-1.7,55.3,-10.4,26.3
2019,TBR,2019TBR,217,769,730,94,0.086,0.238,0.178,0.306,0.254,0.325,0.431,0.321,104,8.4,40.6,0.5,26
2019,CHC,2019CHC,256,814,783,45,0.094,0.236,0.2,0.297,0.252,0.331,0.452,0.33,100,-2.2,0.6,65.3,25.6
2019,NYM,2019NYM,242,791,767,56,0.082,0.22,0.185,0.299,0.257,0.328,0.442,0.325,105,-17,24.3,28.1,24.6
2019,ARI,2019ARI,220,813,778,88,0.086,0.215,0.182,0.293,0.252,0.323,0.434,0.319,93,18.3,-37.5,79.1,23.6
2019,MIL,2019MIL,250,769,744,101,0.1,0.248,0.192,0.296,0.246,0.329,0.438,0.324,97,5.9,-20.4,61.6,23.6
2019,CLE,2019CLE,223,769,731,103,0.092,0.218,0.183,0.289,0.25,0.323,0.432,0.319,97,4.3,-16.3,35.9,23.4
2019,STL,2019STL,210,764,714,116,0.091,0.23,0.17,0.292,0.245,0.322,0.415,0.314,95,14.4,-23.8,57.4,22.4
2019,PHI,2019PHI,215,774,742,78,0.09,0.232,0.181,0.293,0.246,0.319,0.427,0.314,90,13.8,-65.6,49.6,17.9
2019,SEA,2019SEA,239,758,730,115,0.095,0.255,0.187,0.287,0.237,0.316,0.424,0.314,99,13.4,4.2,-49,17.4
2019,LAA,2019LAA,220,769,734,65,0.094,0.204,0.175,0.281,0.247,0.324,0.422,0.316,96,-6.1,-41.1,-8.3,17.1
2019,PIT,2019PIT,163,758,722,64,0.068,0.195,0.156,0.309,0.265,0.321,0.42,0.313,92,-4.6,-72.8,5.6,12.8
2019,TOR,2019TOR,247,726,697,51,0.084,0.249,0.192,0.28,0.236,0.305,0.428,0.31,92,-7,-66.5,-31.9,11.8
2019,COL,2019COL,224,835,803,71,0.078,0.239,0.19,0.321,0.265,0.326,0.456,0.328,87,1.6,-105,25.8,11.8
2019,CHW,2019CHW,182,708,676,63,0.063,0.256,0.153,0.329,0.261,0.314,0.414,0.309,92,5.3,-59.6,-42.3,11.3
2019,CIN,2019CIN,227,701,679,80,0.081,0.235,0.178,0.288,0.244,0.315,0.422,0.312,85,-16.7,-138,54.8,10.8
2019,SDP,2019SDP,219,682,652,70,0.084,0.263,0.172,0.293,0.238,0.308,0.41,0.305,89,-11.1,-101.1,20.2,10.8
2019,SFG,2019SFG,167,678,655,47,0.077,0.233,0.153,0.29,0.239,0.302,0.392,0.295,82,-3.4,-149.1,43.6,8.9
2019,TEX,2019TEX,223,810,765,131,0.086,0.254,0.183,0.304,0.248,0.319,0.431,0.317,88,12,-86.8,-47.3,8.7
2019,KCR,2019KCR,162,691,655,117,0.075,0.231,0.154,0.301,0.247,0.309,0.401,0.302,84,-1.7,-126.2,-24.6,6.7
2019,BAL,2019BAL,213,729,698,84,0.075,0.232,0.168,0.293,0.246,0.31,0.415,0.308,88,2,-91.4,-73.7,5.7
2019,MIA,2019MIA,146,615,593,55,0.065,0.243,0.134,0.3,0.241,0.298,0.375,0.288,79,-23.9,-195.6,22,1.9
2019,DET,2019DET,149,582,556,57,0.065,0.264,0.148,0.308,0.24,0.294,0.388,0.29,77,-6.8,-181,-57.5,-2
2018,LAD,2018LAD,235,804,756,75,0.102,0.226,0.191,0.294,0.25,0.333,0.442,0.333,111,11.4,99.3,37.8,34.4
2018,BOS,2018BOS,208,876,829,125,0.09,0.199,0.185,0.309,0.268,0.339,0.453,0.34,111,-5.1,74.1,28.4,32.5
2018,HOU,2018HOU,205,797,763,71,0.092,0.195,0.17,0.289,0.255,0.329,0.425,0.327,110,-7,64.6,39.3,32.1
2018,OAK,2018OAK,227,813,778,35,0.088,0.221,0.187,0.294,0.252,0.325,0.439,0.329,112,-5.8,83.2,-1.2,30.3
2018,NYY,2018NYY,267,851,821,63,0.1,0.227,0.202,0.285,0.249,0.329,0.451,0.335,112,14.6,102.8,-25,29.9
2018,MIL,2018MIL,218,754,711,124,0.086,0.235,0.172,0.302,0.252,0.323,0.424,0.322,100,8.2,7.7,77.1,28.5
2018,CHC,2018CHC,167,761,722,66,0.09,0.218,0.152,0.313,0.258,0.333,0.41,0.321,100,2.2,3.4,58.8,26.7
2018,CLE,2018CLE,216,818,786,135,0.088,0.189,0.176,0.291,0.259,0.332,0.434,0.33,106,13.7,55.1,-12.7,26.3
2018,ATL,2018ATL,175,759,717,90,0.082,0.206,0.161,0.302,0.257,0.324,0.417,0.319,96,12.6,-18.5,67.6,25
2018,WSN,2018WSN,191,771,737,119,0.1,0.205,0.164,0.297,0.254,0.335,0.419,0.325,101,8.4,14.5,21.3,23.7
2018,TBR,2018TBR,150,716,664,128,0.087,0.224,0.148,0.317,0.258,0.333,0.406,0.322,107,-0.3,48.7,-34.4,23.1
2018,STL,2018STL,205,759,725,63,0.085,0.223,0.16,0.294,0.249,0.321,0.409,0.316,99,12.9,7.9,9.4,21.5
2018,LAA,2018LAA,214,721,690,89,0.084,0.213,0.171,0.277,0.242,0.313,0.413,0.313,98,2.8,-13.8,1.7,20.1
2018,PIT,2018PIT,157,692,665,70,0.078,0.203,0.154,0.298,0.254,0.317,0.407,0.312,95,-13.3,-51.7,50.3,19.2
2018,SEA,2018SEA,176,677,644,79,0.071,0.201,0.154,0.295,0.254,0.314,0.408,0.313,100,-7,-8.3,-12.5,19.1
2018,ARI,2018ARI,176,693,658,79,0.091,0.237,0.162,0.286,0.235,0.31,0.397,0.306,88,7.1,-81,70.8,18.5
2018,CIN,2018CIN,172,696,665,77,0.09,0.221,0.148,0.307,0.254,0.328,0.401,0.317,94,-1.9,-44.8,19,17.2
2018,MIN,2018MIN,166,738,704,47,0.087,0.216,0.155,0.298,0.25,0.318,0.405,0.313,96,0.6,-30.5,-15.9,16.7
2018,NYM,2018NYM,170,676,649,71,0.092,0.227,0.154,0.283,0.234,0.312,0.389,0.305,94,2.6,-43.1,11.6,16.4
2018,COL,2018COL,210,780,748,95,0.082,0.226,0.179,0.304,0.256,0.322,0.435,0.325,88,3.2,-85.1,44.7,15.5
2018,TOR,2018TOR,217,709,680,47,0.082,0.228,0.183,0.286,0.244,0.312,0.427,0.319,100,-27.1,-29.7,-31.9,14.9
2018,PHI,2018PHI,186,677,653,69,0.095,0.248,0.158,0.289,0.234,0.314,0.393,0.307,91,2.9,-68.5,8.1,13.3
2018,CHW,2018CHW,182,656,639,98,0.07,0.263,0.16,0.304,0.241,0.302,0.401,0.304,92,-7.2,-67.5,-28.5,11.3
2018,TEX,2018TEX,194,737,696,74,0.09,0.241,0.164,0.292,0.24,0.318,0.404,0.315,89,7.2,-77.4,-22.3,11.2
2018,MIA,2018MIA,128,589,554,45,0.075,0.228,0.119,0.293,0.237,0.303,0.357,0.289,83,-15.8,-138.9,54.3,10.7
2018,SDP,2018SDP,162,617,583,95,0.078,0.251,0.145,0.294,0.235,0.297,0.38,0.294,84,-5.7,-122,28.1,9.6
2018,KCR,2018KCR,155,638,606,117,0.07,0.216,0.146,0.293,0.245,0.305,0.392,0.303,87,-7.4,-98.8,-31.1,7.8
2018,SFG,2018SFG,133,603,573,77,0.073,0.24,0.129,0.299,0.239,0.3,0.368,0.29,82,-2.9,-140.4,9.5,6
2018,BAL,2018BAL,188,622,593,81,0.07,0.234,0.152,0.286,0.239,0.298,0.391,0.299,87,-9.6,-104.1,-54,4.8
2018,DET,2018DET,135,630,597,70,0.071,0.222,0.138,0.293,0.241,0.3,0.38,0.295,83,6.4,-118.5,-44.9,4.2
2017,HOU,2017HOU,238,896,854,98,0.081,0.173,0.196,0.309,0.282,0.346,0.478,0.349,121,-0.4,162.6,2.6,37.3
2017,LAD,2017LAD,221,770,730,77,0.105,0.223,0.188,0.293,0.249,0.334,0.437,0.33,104,5.8,40.7,54.3,30.3
2017,CLE,2017CLE,212,818,780,88,0.097,0.185,0.186,0.295,0.263,0.339,0.449,0.336,105,11.1,48.8,32.6,28.8
2017,NYY,2017NYY,241,858,821,90,0.097,0.218,0.185,0.304,0.262,0.339,0.447,0.336,109,11.1,82.3,-5.9,28.7
2017,MIN,2017MIN,206,815,781,95,0.095,0.214,0.174,0.306,0.26,0.334,0.434,0.329,103,14.4,39.7,35.7,28.3
2017,CHC,2017CHC,223,822,785,62,0.099,0.223,0.182,0.302,0.255,0.338,0.437,0.331,101,-6.8,4.8,47.5,26.4
2017,STL,2017STL,196,761,728,81,0.095,0.217,0.17,0.304,0.256,0.334,0.426,0.326,101,2,8.4,40,25.8
2017,MIA,2017MIA,194,778,743,91,0.078,0.205,0.163,0.313,0.267,0.331,0.431,0.325,101,1.4,9,35.9,25.6
2017,SEA,2017SEA,200,750,714,89,0.079,0.205,0.165,0.3,0.259,0.325,0.424,0.321,103,-12.6,7.1,26.9,23.9
2017,WSN,2017WSN,215,819,796,108,0.087,0.214,0.183,0.311,0.266,0.332,0.449,0.331,99,11.9,2.4,17.6,23
2017,MIL,2017MIL,224,732,695,128,0.089,0.256,0.18,0.308,0.249,0.322,0.429,0.321,94,2.4,-48.6,67.5,22.6
2017,CIN,2017CIN,219,753,715,120,0.091,0.214,0.179,0.294,0.253,0.329,0.433,0.325,95,-5.3,-47.4,54.3,21.7
2017,ARI,2017ARI,220,812,776,103,0.093,0.234,0.19,0.306,0.254,0.329,0.445,0.329,95,12.4,-27.9,31.7,21.4
2017,TBR,2017TBR,228,694,671,88,0.089,0.25,0.178,0.296,0.245,0.317,0.422,0.316,99,11.2,1.1,-2,20.4
2017,NYM,2017NYM,224,735,713,58,0.086,0.209,0.184,0.286,0.25,0.32,0.434,0.322,101,-11.3,-7.2,1.1,20.2
2017,OAK,2017OAK,234,739,708,57,0.092,0.243,0.19,0.294,0.246,0.319,0.436,0.323,103,-5.5,19.9,-53.7,17
2017,LAA,2017LAA,186,710,678,136,0.086,0.197,0.155,0.277,0.243,0.315,0.397,0.307,92,1.4,-61.3,21.6,16.3
2017,CHW,2017CHW,186,706,670,71,0.066,0.231,0.161,0.309,0.256,0.314,0.417,0.313,95,-1.9,-36.4,-5.1,16
2017,BOS,2017BOS,168,785,735,106,0.09,0.193,0.149,0.3,0.258,0.329,0.407,0.316,91,4.9,-64,5.1,15.2
2017,ATL,2017ATL,165,732,706,77,0.076,0.19,0.15,0.305,0.263,0.326,0.412,0.316,89,4.3,-87.6,24.9,14.7
2017,COL,2017COL,192,824,793,59,0.084,0.227,0.171,0.332,0.273,0.338,0.444,0.332,88,-6.4,-105.8,38.3,14.2
2017,KCR,2017KCR,193,702,660,91,0.065,0.193,0.16,0.295,0.259,0.311,0.42,0.312,91,2.5,-65.6,-14.9,12
2017,PHI,2017PHI,174,690,654,59,0.081,0.231,0.159,0.304,0.25,0.315,0.409,0.31,87,-9.5,-109.5,15.1,11.3
2017,TEX,2017TEX,237,799,756,113,0.089,0.244,0.186,0.291,0.244,0.32,0.43,0.321,90,6.3,-70.2,-22.5,11.1
2017,BAL,2017BAL,232,743,713,32,0.064,0.23,0.175,0.306,0.26,0.312,0.435,0.318,95,-14.9,-51.3,-47.9,10.6
2017,DET,2017DET,187,735,699,65,0.082,0.213,0.166,0.306,0.258,0.324,0.424,0.321,98,-19.8,-37.8,-63.4,10.4
2017,PIT,2017PIT,151,668,635,67,0.085,0.198,0.142,0.286,0.244,0.318,0.386,0.304,85,-2.2,-120,13.1,10.1
2017,SFG,2017SFG,128,639,612,76,0.076,0.196,0.132,0.294,0.249,0.309,0.38,0.296,83,2.6,-134.1,15.8,8.9
2017,SDP,2017SDP,189,604,576,89,0.077,0.252,0.16,0.287,0.234,0.299,0.393,0.298,82,6.7,-132.7,20.1,8.9
2017,TOR,2017TOR,222,693,661,53,0.088,0.216,0.172,0.276,0.24,0.312,0.412,0.312,93,-15.8,-72.6,-44.5,8.8
2016,CHC,2016CHC,199,808,767,66,0.104,0.211,0.173,0.302,0.256,0.343,0.429,0.333,106,17.3,61.3,92,36.1
2016,BOS,2016BOS,208,878,836,83,0.088,0.184,0.179,0.32,0.282,0.348,0.461,0.346,113,10.6,109.9,-9,32.4
2016,HOU,2016HOU,198,724,689,102,0.089,0.234,0.17,0.298,0.247,0.319,0.417,0.317,101,-5.4,2.8,25.5,24.6
2016,STL,2016STL,225,779,745,35,0.085,0.212,0.187,0.294,0.255,0.325,0.443,0.329,105,-17.1,18.9,24.4,24.5
2016,SFG,2016SFG,130,715,675,79,0.091,0.177,0.14,0.299,0.258,0.329,0.398,0.315,96,-2.8,-34.8,75.1,24.3
2016,CLE,2016CLE,185,777,733,134,0.086,0.202,0.168,0.304,0.262,0.329,0.43,0.326,100,15.8,14.1,10.1,24
2016,TOR,2016TOR,221,759,728,54,0.101,0.219,0.178,0.289,0.248,0.33,0.426,0.327,104,-9,21.9,-1.8,23.8
2016,SEA,2016SEA,223,768,735,56,0.081,0.207,0.171,0.297,0.259,0.326,0.43,0.325,108,-13.5,44.6,-27.2,23.6
2016,WSN,2016WSN,203,763,735,121,0.086,0.202,0.17,0.293,0.256,0.326,0.426,0.322,96,16,-16.4,44.1,22.8
2016,PIT,2016PIT,153,729,696,110,0.09,0.213,0.144,0.311,0.257,0.332,0.402,0.318,97,-6.7,-26.5,48.5,22.4
2016,NYM,2016NYM,218,671,649,42,0.085,0.213,0.171,0.282,0.246,0.316,0.417,0.315,99,-8.6,-17.7,36.5,21.6
2016,LAD,2016LAD,189,725,680,45,0.085,0.214,0.16,0.294,0.249,0.319,0.409,0.314,97,2,-20.2,36.9,21.6
2016,BAL,2016BAL,253,744,710,19,0.077,0.217,0.188,0.291,0.256,0.317,0.443,0.326,103,2.5,22.6,-20.5,21.5
2016,COL,2016COL,204,845,805,66,0.079,0.213,0.182,0.326,0.275,0.336,0.457,0.339,94,1.1,-45,53.1,20.9
2016,DET,2016DET,211,750,719,58,0.08,0.213,0.171,0.312,0.267,0.331,0.438,0.33,106,-16.9,27,-41.7,19.9
2016,MIA,2016MIA,128,655,626,71,0.073,0.198,0.131,0.314,0.263,0.322,0.394,0.309,95,2.4,-40.1,40,19.7
2016,TEX,2016TEX,215,765,746,99,0.072,0.2,0.172,0.298,0.262,0.322,0.433,0.324,95,2,-37,-0.2,17.5
2016,TBR,2016TBR,216,672,647,60,0.074,0.245,0.182,0.293,0.243,0.307,0.426,0.315,98,-0.4,-13,-27.6,17
2016,ARI,2016ARI,190,752,709,137,0.074,0.228,0.171,0.315,0.261,0.32,0.432,0.321,93,17.7,-39.9,5.9,16.7
2016,LAA,2016LAA,156,717,686,73,0.078,0.164,0.145,0.289,0.26,0.322,0.405,0.314,99,-16.8,-27.4,-17.3,16.6
2016,CHW,2016CHW,168,686,656,77,0.074,0.21,0.153,0.304,0.257,0.317,0.41,0.314,97,-2.5,-27.2,-21.6,16.4
2016,MIN,2016MIN,200,722,690,91,0.082,0.228,0.171,0.3,0.251,0.316,0.421,0.317,95,7.8,-28.5,-30.1,15.8
2016,MIL,2016MIL,194,671,641,181,0.099,0.255,0.163,0.304,0.244,0.322,0.407,0.315,92,5.2,-55.2,14.3,15.3
2016,NYY,2016NYY,183,680,647,72,0.078,0.196,0.153,0.289,0.252,0.314,0.405,0.311,92,10.6,-49.7,-12.3,14.8
2016,ATL,2016ATL,122,649,615,75,0.081,0.2,0.13,0.305,0.255,0.321,0.384,0.304,86,-6.1,-110.8,34.7,12.1
2016,KCR,2016KCR,147,675,640,121,0.063,0.202,0.139,0.309,0.261,0.312,0.4,0.307,89,-4.3,-83.9,-7.9,11.8
2016,CIN,2016CIN,164,716,678,139,0.074,0.211,0.152,0.303,0.256,0.316,0.408,0.311,89,-4.3,-89.9,3.3,10.8
2016,SDP,2016SDP,177,686,654,125,0.075,0.25,0.155,0.291,0.235,0.299,0.39,0.297,84,24.8,-92.3,-1.8,9.7
2016,PHI,2016PHI,161,610,575,96,0.071,0.23,0.144,0.292,0.24,0.301,0.385,0.296,81,0.9,-137.5,19,7.2
2016,OAK,2016OAK,169,653,634,50,0.073,0.19,0.149,0.28,0.246,0.304,0.395,0.302,89,-22.2,-100.5,-63.5,4.3
2015,TOR,2015TOR,232,891,852,88,0.091,0.185,0.188,0.298,0.269,0.34,0.457,0.344,117,11,135.9,6.6,36.7
2015,SFG,2015SFG,136,696,663,93,0.074,0.188,0.139,0.313,0.267,0.326,0.406,0.318,104,-0.4,25.5,62,29.5
2015,LAD,2015LAD,187,667,638,59,0.092,0.207,0.163,0.292,0.25,0.326,0.413,0.322,106,-15.3,28.2,57.3,29
2015,HOU,2015HOU,230,729,691,121,0.08,0.229,0.187,0.292,0.25,0.315,0.437,0.325,108,8.1,66.8,-19.6,26.1
2015,CHC,2015CHC,171,689,657,95,0.091,0.245,0.154,0.305,0.244,0.321,0.398,0.313,96,15.1,-15.8,63.6,25.4
2015,NYM,2015NYM,177,683,654,51,0.079,0.21,0.156,0.287,0.244,0.312,0.4,0.309,98,6.2,-6.8,48.7,24.6
2015,PIT,2015PIT,140,697,661,98,0.073,0.21,0.136,0.314,0.26,0.323,0.396,0.313,97,3.5,-17.4,49.6,24
2015,STL,2015STL,137,647,619,69,0.082,0.206,0.142,0.303,0.253,0.321,0.394,0.311,97,0.9,-21.2,53.8,23.6
2015,KCR,2015KCR,139,724,689,104,0.063,0.159,0.144,0.301,0.269,0.322,0.412,0.318,99,-0.3,-8.3,13.8,21.8
2015,TEX,2015TEX,172,751,707,101,0.081,0.199,0.156,0.3,0.257,0.325,0.413,0.321,98,21.6,4.8,-3,21.6
2015,ARI,2015ARI,154,720,680,132,0.078,0.209,0.15,0.316,0.264,0.324,0.414,0.319,95,12.5,-23.3,32.6,21.6
2015,NYY,2015NYY,212,764,737,63,0.088,0.196,0.17,0.283,0.251,0.323,0.421,0.323,103,3,25.3,-35.3,20.7
2015,TBR,2015TBR,167,644,612,87,0.072,0.216,0.154,0.3,0.252,0.314,0.406,0.313,100,-13.4,-16.2,2.5,19.6
2015,CLE,2015CLE,141,669,640,86,0.087,0.189,0.144,0.299,0.256,0.325,0.401,0.315,97,8.1,-15.6,-4.5,19.1
2015,BOS,2015BOS,161,748,706,71,0.077,0.184,0.149,0.305,0.265,0.325,0.415,0.321,99,1.4,-5.9,-28.9,17.9
2015,WSN,2015WSN,177,703,665,57,0.088,0.22,0.151,0.3,0.251,0.321,0.403,0.315,96,-2.3,-29.7,9.4,17.9
2015,BAL,2015BAL,217,713,686,44,0.07,0.222,0.171,0.291,0.25,0.307,0.421,0.315,97,-4.9,-23.9,-5.9,17.7
2015,SEA,2015SEA,198,656,624,69,0.078,0.218,0.162,0.292,0.249,0.311,0.411,0.313,100,-23.1,-20.7,-15.8,17.4
2015,DET,2015DET,151,689,660,83,0.074,0.204,0.15,0.322,0.27,0.328,0.42,0.324,103,-27.6,-8.6,-31.6,17.1
2015,LAA,2015LAA,176,661,621,52,0.073,0.192,0.15,0.28,0.246,0.307,0.396,0.305,95,0.5,-37,2.3,17.1
2015,CIN,2015CIN,167,640,613,134,0.08,0.203,0.146,0.29,0.248,0.312,0.394,0.307,91,10.9,-52.1,16.1,16.5
2015,SDP,2015SDP,148,650,623,82,0.071,0.22,0.142,0.292,0.243,0.3,0.385,0.298,90,5,-63.2,31.5,16.4
2015,MIA,2015MIA,120,613,575,112,0.063,0.192,0.124,0.307,0.26,0.31,0.384,0.302,91,-1.2,-67.3,26.9,15.3
2015,MIL,2015MIL,145,655,624,84,0.068,0.216,0.142,0.303,0.251,0.307,0.393,0.304,87,1.5,-87.9,20.7,12.6
2015,MIN,2015MIN,156,696,661,70,0.073,0.21,0.152,0.292,0.247,0.305,0.399,0.305,89,-5.5,-80.4,-2.1,12.1
2015,OAK,2015OAK,146,694,661,78,0.077,0.181,0.144,0.288,0.251,0.312,0.395,0.308,95,-1,-34.1,-60.7,11.3
2015,ATL,2015ATL,100,573,548,69,0.078,0.183,0.108,0.297,0.251,0.314,0.359,0.296,84,-2.7,-115.5,22.4,9.9
2015,COL,2015COL,186,737,702,97,0.064,0.211,0.167,0.313,0.265,0.315,0.432,0.321,87,4.7,-91.9,-4.2,9.7
2015,PHI,2015PHI,130,626,586,88,0.064,0.21,0.133,0.299,0.249,0.303,0.382,0.298,86,-1.9,-100.3,-3.9,8.8
2015,CHW,2015CHW,136,622,595,68,0.067,0.203,0.13,0.296,0.25,0.306,0.38,0.3,89,-15.2,-94.3,-21.6,8.8
2014,LAD,2014LAD,134,718,686,138,0.083,0.2,0.14,0.318,0.265,0.333,0.406,0.327,112,-0.4,81.4,20.3,31.8
2014,PIT,2014PIT,156,682,659,104,0.084,0.2,0.145,0.307,0.259,0.33,0.404,0.325,108,3.8,61.6,36.7,31.4
2014,LAA,2014LAA,155,773,729,81,0.078,0.201,0.147,0.305,0.259,0.322,0.406,0.321,110,1.3,67.3,11.5,30.4
2014,BAL,2014BAL,211,705,681,44,0.065,0.21,0.166,0.296,0.256,0.311,0.422,0.323,104,-6.2,21.9,34.4,27.4
2014,WSN,2014WSN,152,686,635,101,0.083,0.21,0.14,0.303,0.253,0.321,0.393,0.317,99,15.3,8.4,42.4,26.2
2014,SFG,2014SFG,132,665,636,56,0.07,0.205,0.133,0.304,0.255,0.311,0.388,0.308,99,0.5,-5.1,52.8,25.4
2014,DET,2014DET,155,757,731,106,0.071,0.184,0.15,0.319,0.277,0.331,0.426,0.331,112,-7.3,73,-41.9,24.8
2014,TOR,2014TOR,177,723,690,78,0.081,0.187,0.155,0.295,0.259,0.323,0.414,0.325,107,0,44.9,-37,22.2
2014,OAK,2014OAK,146,729,686,83,0.094,0.177,0.137,0.278,0.244,0.32,0.381,0.312,102,11,27.2,-30.4,21.2
2014,MIL,2014MIL,150,650,617,102,0.07,0.197,0.147,0.293,0.25,0.311,0.397,0.313,94,-12.1,-56.2,62.2,20.8
2014,TBR,2014TBR,117,612,586,63,0.085,0.181,0.12,0.287,0.247,0.317,0.367,0.305,97,1,-19.9,9.5,20.3
2014,KCR,2014KCR,95,651,604,153,0.063,0.163,0.113,0.302,0.263,0.314,0.376,0.306,92,4.8,-47.8,28.1,18.8
2014,NYY,2014NYY,147,633,591,112,0.074,0.186,0.135,0.282,0.245,0.307,0.38,0.305,94,3.2,-38.5,11.7,18.1
2014,STL,2014STL,105,619,585,57,0.077,0.186,0.116,0.3,0.253,0.32,0.369,0.308,95,-15.5,-49,29.9,18.1
2014,NYM,2014NYM,125,629,602,101,0.084,0.206,0.126,0.286,0.239,0.308,0.364,0.299,92,-0.4,-56,32.6,17.8
2014,BOS,2014BOS,123,634,601,63,0.086,0.215,0.124,0.297,0.244,0.316,0.369,0.305,89,-8.1,-82.9,44.8,17.3
2014,COL,2014COL,186,755,721,85,0.064,0.208,0.169,0.326,0.276,0.327,0.445,0.337,97,-12.3,-33.1,2.2,17
2014,MIA,2014MIA,122,645,614,58,0.081,0.229,0.125,0.316,0.253,0.317,0.378,0.307,95,-5.6,-42.3,7,16.6
2014,SEA,2014SEA,136,634,600,96,0.066,0.206,0.132,0.29,0.244,0.3,0.376,0.299,94,3.2,-37.5,-1.5,16.4
2014,MIN,2014MIN,128,715,675,99,0.087,0.213,0.135,0.309,0.254,0.324,0.389,0.316,100,20.9,23.8,-72.6,16.2
2014,CHC,2014CHC,157,614,590,65,0.072,0.242,0.146,0.296,0.239,0.3,0.385,0.303,91,4,-59.5,15.2,15.4
2014,CIN,2014CIN,131,595,562,122,0.069,0.209,0.127,0.284,0.238,0.296,0.365,0.294,83,-1.2,-115.4,69.1,14.7
2014,CLE,2014CLE,142,669,644,104,0.081,0.191,0.136,0.296,0.253,0.317,0.389,0.313,98,9.9,-1.7,-65.6,14.1
2014,HOU,2014HOU,163,629,596,122,0.082,0.238,0.141,0.298,0.242,0.309,0.383,0.308,98,3.6,-8.1,-57.9,13.7
2014,CHW,2014CHW,155,660,625,85,0.069,0.224,0.146,0.306,0.253,0.31,0.398,0.312,99,-13.1,-23.5,-46.4,13.3
2014,ARI,2014ARI,118,615,573,86,0.065,0.191,0.127,0.293,0.248,0.302,0.376,0.3,83,1.5,-112.8,47.5,13
2014,ATL,2014ATL,123,573,545,95,0.078,0.226,0.119,0.298,0.241,0.305,0.36,0.296,86,-4.4,-98.9,32.7,12.8
2014,SDP,2014SDP,109,535,500,91,0.079,0.219,0.115,0.277,0.226,0.292,0.342,0.283,82,-6.2,-128.7,56.9,11.7
2014,TEX,2014TEX,111,637,597,105,0.069,0.193,0.119,0.305,0.256,0.314,0.375,0.305,90,-1.8,-66.8,-17,11.6
2014,PHI,2014PHI,125,619,584,109,0.071,0.211,0.121,0.292,0.242,0.302,0.363,0.295,86,10.6,-85.5,4.2,11.6
2013,BOS,2013BOS,178,853,819,123,0.091,0.205,0.169,0.329,0.277,0.349,0.446,0.347,114,13.3,116.7,11.9,36.2
2013,TBR,2013TBR,165,700,670,73,0.094,0.188,0.151,0.295,0.257,0.329,0.408,0.324,107,2.5,50.1,9.2,28.2
2013,DET,2013DET,176,796,767,35,0.083,0.168,0.151,0.32,0.283,0.346,0.434,0.341,114,-19,83.7,-35.3,27.6
2013,SFG,2013SFG,107,629,596,67,0.076,0.175,0.121,0.304,0.26,0.32,0.381,0.309,100,-4.1,-1.7,66.3,26.9
2013,STL,2013STL,125,783,745,45,0.078,0.179,0.133,0.314,0.269,0.332,0.401,0.322,104,-9.1,21,35,26.1
2013,BAL,2013BAL,212,745,719,79,0.068,0.183,0.171,0.288,0.26,0.313,0.431,0.323,101,13.8,16.4,22.7,25.7
2013,ATL,2013ATL,181,688,656,64,0.088,0.226,0.153,0.3,0.249,0.321,0.402,0.318,102,-5.7,3.8,50.1,25.6
2013,LAD,2013LAD,138,649,618,78,0.077,0.186,0.133,0.308,0.264,0.326,0.396,0.317,103,-8,14.7,37.2,25.5
2013,OAK,2013OAK,186,767,725,74,0.092,0.19,0.165,0.289,0.254,0.327,0.419,0.327,108,10,66.2,-32.4,25.4
2013,PIT,2013PIT,161,634,603,94,0.076,0.217,0.151,0.294,0.245,0.313,0.396,0.312,99,1.8,-3.4,30.8,22.8
2013,MIL,2013MIL,157,640,610,142,0.067,0.195,0.145,0.294,0.252,0.311,0.398,0.311,91,-6.9,-66,94,22.6
2013,CLE,2013CLE,171,745,711,117,0.091,0.208,0.155,0.3,0.255,0.327,0.41,0.324,104,11.5,39.3,-29.5,22.6
2013,CIN,2013CIN,155,698,664,67,0.093,0.198,0.142,0.293,0.249,0.327,0.391,0.316,96,-2,-32.9,52.4,22.5
2013,LAA,2013LAA,164,733,696,82,0.084,0.195,0.15,0.307,0.264,0.329,0.414,0.325,109,-9.7,54.8,-58,21.6
2013,TEX,2013TEX,176,730,691,149,0.075,0.172,0.15,0.294,0.262,0.323,0.412,0.323,97,2,-22.5,3.9,19.7
2013,KCR,2013KCR,112,648,620,153,0.069,0.172,0.119,0.3,0.26,0.315,0.379,0.305,89,18.2,-57.4,39.6,19.4
2013,ARI,2013ARI,130,685,647,62,0.082,0.18,0.133,0.301,0.259,0.323,0.391,0.314,93,-18.5,-69.4,59.4,19.4
2013,SDP,2013SDP,146,618,578,118,0.076,0.214,0.133,0.294,0.245,0.308,0.378,0.302,94,8.8,-35.4,24.4,18.6
2013,WSN,2013WSN,161,656,621,88,0.077,0.197,0.146,0.292,0.251,0.313,0.398,0.311,94,3.1,-34.7,16.3,17.6
2013,TOR,2013TOR,185,712,669,112,0.083,0.183,0.158,0.284,0.252,0.318,0.411,0.32,99,3.8,-2.8,-39.1,17
2013,NYM,2013NYM,130,619,593,114,0.082,0.223,0.129,0.291,0.237,0.306,0.366,0.297,90,23,-49.2,16.1,16.5
2013,NYY,2013NYY,144,650,614,115,0.077,0.201,0.133,0.285,0.242,0.307,0.376,0.301,86,4.4,-89.2,28.1,14.6
2013,CHC,2013CHC,172,602,576,63,0.072,0.202,0.154,0.275,0.238,0.3,0.392,0.304,90,-11.9,-78.3,27.3,14.1
2013,COL,2013COL,159,706,673,112,0.069,0.196,0.149,0.317,0.27,0.323,0.418,0.324,87,17.4,-72.7,15.1,13.7
2013,MIN,2013MIN,151,614,590,52,0.086,0.23,0.138,0.298,0.242,0.312,0.38,0.307,91,1.2,-66.1,-35.4,10.8
2013,SEA,2013SEA,188,624,597,49,0.086,0.219,0.152,0.279,0.237,0.306,0.39,0.307,95,-6.9,-41.1,-66.7,10
2013,PHI,2013PHI,140,610,578,73,0.069,0.2,0.135,0.293,0.248,0.306,0.384,0.303,89,-7.4,-81.9,-15.8,8.9
2013,CHW,2013CHW,148,598,574,105,0.068,0.199,0.129,0.291,0.249,0.302,0.378,0.299,85,-12.7,-117.5,-29,5.5
2013,MIA,2013MIA,95,513,485,78,0.072,0.205,0.104,0.28,0.231,0.293,0.335,0.279,74,-5.2,-178.9,29.5,3.3
2013,HOU,2013HOU,148,610,566,110,0.071,0.255,0.136,0.304,0.24,0.299,0.375,0.298,85,-8.9,-112.7,-64.4,1.9
2012,LAA,2012LAA,187,767,732,134,0.073,0.182,0.159,0.311,0.274,0.332,0.433,0.331,113,13.5,109.8,5.9,33.8
2012,NYY,2012NYY,245,804,774,93,0.091,0.189,0.188,0.293,0.265,0.337,0.453,0.342,113,2.3,97.2,12.1,33.6
2012,SFG,2012SFG,103,718,675,118,0.078,0.177,0.128,0.315,0.269,0.327,0.397,0.314,101,13,22.4,66.7,29
2012,STL,2012STL,159,765,732,91,0.084,0.188,0.15,0.316,0.271,0.338,0.421,0.329,106,-1.6,46.5,33.9,28.5
2012,MIL,2012MIL,202,776,741,158,0.075,0.199,0.177,0.299,0.259,0.325,0.437,0.329,102,12.1,29.5,52.2,28.3
2012,ATL,2012ATL,149,700,660,101,0.093,0.21,0.142,0.296,0.247,0.32,0.389,0.31,92,7.2,-48.9,123.8,27.3
2012,CIN,2012CIN,172,669,636,87,0.079,0.207,0.159,0.296,0.251,0.315,0.411,0.314,93,13.5,-36,78.9,23.9
2012,TBR,2012TBR,175,697,665,134,0.094,0.217,0.155,0.284,0.24,0.317,0.394,0.311,100,-0.7,-1,20.8,23.7
2012,WSN,2012WSN,194,731,688,105,0.077,0.213,0.166,0.308,0.261,0.322,0.428,0.324,101,-4.1,4.7,33,23.7
2012,TEX,2012TEX,200,808,780,91,0.077,0.177,0.173,0.306,0.273,0.334,0.446,0.336,106,-5.8,39.5,-27.3,23.3
2012,ARI,2012ARI,165,734,710,93,0.088,0.206,0.159,0.307,0.259,0.328,0.418,0.323,97,-5.6,-30.7,52,21.7
2012,SDP,2012SDP,121,651,610,155,0.088,0.203,0.133,0.297,0.247,0.319,0.38,0.307,97,13.8,-8.4,29.1,21.6
2012,PHI,2012PHI,158,684,659,116,0.074,0.177,0.144,0.29,0.255,0.317,0.4,0.311,93,10.7,-40.8,58.9,21.5
2012,CHW,2012CHW,211,748,726,109,0.075,0.197,0.167,0.289,0.255,0.318,0.422,0.322,98,-7,-18.2,8.7,20.7
2012,DET,2012DET,163,726,698,59,0.084,0.18,0.154,0.307,0.268,0.335,0.422,0.328,105,-17.8,15.4,-27.2,20.5
2012,BOS,2012BOS,165,734,695,97,0.069,0.194,0.155,0.301,0.26,0.315,0.415,0.316,95,2.6,-37.1,20,20.1
2012,OAK,2012OAK,195,713,676,122,0.089,0.224,0.166,0.281,0.238,0.31,0.404,0.311,97,19.4,0.3,-24.4,19.4
2012,NYM,2012NYM,139,650,625,79,0.083,0.205,0.137,0.298,0.249,0.316,0.386,0.306,94,-3.2,-48.8,16.1,15.9
2012,BAL,2012BAL,214,712,677,58,0.078,0.213,0.17,0.286,0.247,0.311,0.417,0.317,96,-17.1,-44,-24.7,14.6
2012,TOR,2012TOR,198,716,677,123,0.078,0.205,0.161,0.281,0.245,0.309,0.407,0.311,92,2.5,-55.8,-14,14.3
2012,LAD,2012LAD,116,637,607,104,0.079,0.19,0.122,0.298,0.252,0.317,0.374,0.302,90,-8.6,-81.9,28.9,13.8
2012,KCR,2012KCR,131,676,643,132,0.066,0.168,0.135,0.302,0.265,0.317,0.4,0.311,94,-7.4,-50.8,-35.7,12.7
2012,MIN,2012MIN,131,701,666,135,0.081,0.172,0.13,0.298,0.26,0.325,0.39,0.313,95,0.7,-32.5,-57.5,12.6
2012,CHC,2012CHC,137,613,570,94,0.075,0.207,0.138,0.286,0.24,0.302,0.378,0.297,81,-6,-138.9,65.7,11.3
2012,MIA,2012MIA,137,609,576,149,0.08,0.203,0.138,0.289,0.244,0.308,0.382,0.3,87,2.5,-92.9,10.9,10.6
2012,COL,2012COL,166,758,716,100,0.073,0.196,0.163,0.321,0.274,0.33,0.436,0.331,90,2.8,-73.8,-14.7,10.3
2012,PIT,2012PIT,170,651,620,73,0.074,0.225,0.152,0.291,0.243,0.304,0.395,0.304,91,-0.3,-67.8,-17,10.2
2012,SEA,2012SEA,149,619,584,104,0.077,0.208,0.135,0.276,0.234,0.296,0.369,0.291,87,0.1,-89.6,-30.3,8.9
2012,CLE,2012CLE,136,667,635,110,0.09,0.175,0.131,0.288,0.251,0.324,0.381,0.31,97,-13.6,-37.7,-93.2,8.2
2012,HOU,2012HOU,146,583,545,105,0.077,0.227,0.135,0.288,0.236,0.302,0.371,0.296,82,-16.9,-144.4,17.7,5.8
2011,NYY,2011NYY,222,867,836,147,0.099,0.18,0.181,0.292,0.263,0.343,0.444,0.345,113,6.6,101.6,39.7,37
2011,BOS,2011BOS,203,875,842,102,0.09,0.173,0.181,0.314,0.28,0.349,0.461,0.352,117,-12.2,114.3,16.2,36.3
2011,TEX,2011TEX,210,855,807,143,0.076,0.149,0.177,0.304,0.283,0.34,0.46,0.347,112,20.6,107.4,5.3,33.9
2011,MIL,2011MIL,185,721,693,94,0.079,0.177,0.164,0.293,0.261,0.325,0.425,0.327,103,0.3,20.6,82,30.5
2011,ARI,2011ARI,172,731,702,133,0.087,0.205,0.163,0.294,0.25,0.322,0.413,0.322,97,9,-14.8,117.8,30.5
2011,STL,2011STL,162,762,726,57,0.087,0.157,0.151,0.305,0.273,0.341,0.425,0.334,112,-16.5,72.3,17.6,29.6
2011,CIN,2011CIN,183,735,697,97,0.085,0.198,0.152,0.297,0.256,0.326,0.408,0.322,99,8.7,3.6,81.9,29.4
2011,TBR,2011TBR,172,707,674,155,0.093,0.194,0.159,0.281,0.244,0.322,0.402,0.319,103,10.4,35.1,23.1,27.7
2011,LAA,2011LAA,155,667,629,135,0.073,0.178,0.149,0.288,0.253,0.313,0.402,0.313,98,-3.8,-14.6,38,23.8
2011,DET,2011DET,169,787,750,49,0.084,0.183,0.157,0.318,0.277,0.34,0.434,0.337,109,-15.2,48.5,-36.5,23.1
2011,KCR,2011KCR,129,730,705,153,0.071,0.161,0.14,0.311,0.275,0.329,0.415,0.325,101,0.7,4.5,-25.3,19.8
2011,LAD,2011LAD,117,644,613,126,0.082,0.178,0.118,0.299,0.257,0.322,0.375,0.307,95,10.2,-24.6,24.3,19.6
2011,PHI,2011PHI,153,713,693,96,0.086,0.163,0.142,0.283,0.253,0.323,0.395,0.315,96,3.5,-29.5,17.9,19
2011,ATL,2011ATL,173,641,606,77,0.082,0.204,0.144,0.284,0.243,0.308,0.387,0.306,91,-4.8,-70.5,57.9,18.5
2011,SFG,2011SFG,121,570,534,85,0.074,0.184,0.126,0.281,0.242,0.303,0.368,0.295,88,-6.5,-87.9,74.2,18.1
2011,NYM,2011NYM,108,718,676,130,0.09,0.171,0.127,0.307,0.264,0.335,0.391,0.319,102,11.1,25,-55.1,17.2
2011,WSN,2011WSN,154,624,594,106,0.077,0.217,0.14,0.292,0.242,0.309,0.383,0.305,89,3.7,-73.4,45.6,16.6
2011,TOR,2011TOR,186,743,704,131,0.085,0.191,0.164,0.283,0.249,0.317,0.413,0.319,97,12.1,-11.6,-46.8,15.6
2011,SDP,2011SDP,91,593,563,170,0.082,0.217,0.112,0.294,0.237,0.305,0.349,0.29,86,18.2,-77.2,34.3,15
2011,CHC,2011CHC,148,654,610,69,0.069,0.196,0.144,0.301,0.256,0.314,0.401,0.314,91,-17.7,-80.2,29.5,14.3
2011,FLA,2011FLA,149,625,596,95,0.087,0.2,0.142,0.291,0.247,0.318,0.388,0.311,92,2.1,-56.1,-3.7,13.7
2011,HOU,2011HOU,95,615,579,118,0.065,0.189,0.116,0.308,0.258,0.311,0.374,0.301,88,-0.6,-89.1,28.3,13.3
2011,BAL,2011BAL,191,708,684,81,0.073,0.182,0.156,0.288,0.257,0.316,0.413,0.32,96,-11.3,-39.1,-48.9,12.3
2011,COL,2011COL,163,735,697,118,0.088,0.191,0.152,0.3,0.258,0.329,0.41,0.324,88,-1.8,-92.6,12.7,11.7
2011,CHW,2011CHW,154,654,625,81,0.077,0.161,0.136,0.28,0.252,0.319,0.388,0.312,90,-9.9,-80,-13.9,11.7
2011,CLE,2011CLE,154,704,671,89,0.08,0.207,0.146,0.297,0.25,0.317,0.396,0.314,99,0.4,-8.5,-107.2,9.3
2011,OAK,2011OAK,114,645,612,117,0.083,0.179,0.125,0.283,0.244,0.311,0.369,0.301,89,-6.5,-82.2,-49.5,7.5
2011,PIT,2011PIT,107,610,580,108,0.081,0.216,0.123,0.301,0.244,0.309,0.368,0.299,88,-15.2,-103.1,-17.8,6.7
2011,MIN,2011MIN,103,619,572,92,0.073,0.174,0.113,0.288,0.247,0.306,0.36,0.296,82,-6.5,-133.4,-25.8,4.3
2011,SEA,2011SEA,109,556,534,125,0.073,0.214,0.115,0.283,0.233,0.292,0.348,0.283,80,11.9,-124.4,-36.6,3.9
2010,CIN,2010CIN,188,790,761,93,0.083,0.194,0.164,0.314,0.272,0.338,0.436,0.34,106,12.7,57.2,96.8,35.7
2010,NYY,2010NYY,201,859,823,103,0.104,0.178,0.169,0.3,0.267,0.35,0.436,0.346,112,12.1,101.5,-24.8,31.2
2010,TBR,2010TBR,160,802,769,172,0.107,0.206,0.156,0.293,0.247,0.333,0.403,0.326,106,37.6,78.5,-3.2,30.7
2010,MIL,2010MIL,182,750,710,81,0.087,0.193,0.161,0.304,0.262,0.335,0.424,0.334,104,0.6,32.4,66.3,30
2010,MIN,2010MIN,142,781,749,68,0.089,0.155,0.148,0.306,0.273,0.341,0.422,0.335,106,-15.8,29.5,17.9,27.8
2010,SFG,2010SFG,162,697,660,55,0.079,0.179,0.151,0.293,0.257,0.321,0.408,0.32,98,-18.3,-31.6,95.2,25.8
2010,STL,2010STL,150,736,689,79,0.087,0.165,0.139,0.296,0.263,0.332,0.402,0.322,99,1.8,-6.8,59.6,25
2010,BOS,2010BOS,211,818,782,68,0.092,0.179,0.183,0.299,0.268,0.339,0.451,0.345,109,-7.2,59.7,-43.4,24.9
2010,TOR,2010TOR,257,755,732,58,0.078,0.192,0.206,0.269,0.248,0.312,0.454,0.334,105,-12.3,25.1,-9.9,23.7
2010,ATL,2010ATL,139,738,699,63,0.101,0.182,0.143,0.301,0.258,0.339,0.401,0.327,100,-2.1,-2.9,41.9,23.6
2010,SDP,2010SDP,132,665,630,124,0.088,0.192,0.125,0.29,0.246,0.317,0.371,0.304,92,9.3,-50.2,91.9,23.6
2010,DET,2010DET,152,751,717,69,0.087,0.182,0.147,0.311,0.268,0.335,0.415,0.33,102,9.7,23.9,-18.7,23.6
2010,PHI,2010PHI,166,772,736,108,0.089,0.169,0.153,0.292,0.26,0.332,0.413,0.327,99,13.3,5.5,27.4,23.1
2010,TEX,2010TEX,162,787,740,123,0.081,0.156,0.143,0.307,0.276,0.338,0.419,0.333,98,4.5,-7,-4.1,21.8
2010,ARI,2010ARI,180,713,691,86,0.095,0.247,0.166,0.312,0.25,0.325,0.416,0.325,93,-8.3,-62.7,85.8,21.8
2010,OAK,2010OAK,109,663,619,156,0.086,0.173,0.122,0.297,0.256,0.324,0.378,0.313,95,17.8,-20.6,1,20.3
2010,WSN,2010WSN,149,655,634,110,0.082,0.2,0.14,0.294,0.25,0.318,0.39,0.313,90,-11.3,-84.4,59.9,16.6
2010,FLA,2010FLA,152,719,686,92,0.083,0.222,0.149,0.309,0.254,0.321,0.403,0.318,92,22.5,-36.1,2.7,15.9
2010,CHW,2010CHW,177,752,710,160,0.076,0.151,0.152,0.292,0.268,0.332,0.42,0.332,100,-8.1,-7.7,-56.3,15.7
2010,NYM,2010NYM,128,656,625,130,0.082,0.178,0.134,0.287,0.249,0.314,0.383,0.307,89,10.6,-70.9,30.6,15.1
2010,LAA,2010LAA,155,681,656,104,0.077,0.176,0.142,0.281,0.248,0.311,0.39,0.31,94,-8.8,-54.2,-24.1,14.1
2010,CHC,2010CHC,149,685,658,55,0.078,0.201,0.145,0.304,0.257,0.32,0.401,0.318,90,-10.3,-81.7,29,13.8
2010,COL,2010COL,173,770,741,99,0.093,0.203,0.162,0.31,0.263,0.336,0.425,0.333,91,9.3,-62,2.5,13.5
2010,LAD,2010LAD,120,667,621,92,0.087,0.193,0.127,0.299,0.252,0.322,0.379,0.309,92,1.3,-60.6,3.4,13.3
2010,CLE,2010CLE,128,646,601,91,0.088,0.192,0.13,0.293,0.248,0.322,0.378,0.311,94,1.3,-40.7,-70.3,11
2010,KCR,2010KCR,121,676,640,115,0.076,0.146,0.126,0.305,0.274,0.331,0.399,0.323,98,-28.4,-42.1,-81.2,9.9
2010,BAL,2010BAL,133,613,577,76,0.069,0.173,0.127,0.296,0.259,0.316,0.386,0.31,87,-21,-111.8,-11,9.6
2010,HOU,2010HOU,108,611,577,100,0.069,0.171,0.115,0.285,0.247,0.303,0.362,0.295,79,-6.4,-156.6,27.6,5.4
2010,SEA,2010SEA,101,513,485,142,0.077,0.198,0.104,0.282,0.236,0.298,0.339,0.285,79,-1,-148.9,-40.5,2.2
2010,PIT,2010PIT,126,587,570,87,0.078,0.202,0.131,0.288,0.242,0.304,0.373,0.3,84,-5.8,-119,-48.1,1.4
2009,TBR,2009TBR,199,803,765,194,0.103,0.197,0.177,0.303,0.263,0.343,0.439,0.342,109,21.6,90.5,41.8,35.1
2009,NYY,2009NYY,244,915,881,111,0.103,0.157,0.194,0.306,0.283,0.362,0.478,0.365,117,0.2,137.5,-25.5,33.8
2009,PHI,2009PHI,224,820,788,119,0.093,0.182,0.189,0.286,0.258,0.334,0.447,0.339,103,20,42.5,78.4,32
2009,LAA,2009LAA,173,883,841,148,0.087,0.167,0.156,0.322,0.285,0.35,0.441,0.346,108,8.6,75.5,-5.4,29.1
2009,LAD,2009LAD,145,780,739,116,0.095,0.167,0.141,0.309,0.27,0.346,0.412,0.332,102,4,18.7,55.4,27.4
2009,MIL,2009MIL,182,785,757,68,0.097,0.196,0.164,0.305,0.263,0.341,0.426,0.336,103,-9.6,10.2,38.9,24.6
2009,BOS,2009BOS,212,872,822,126,0.104,0.177,0.184,0.301,0.27,0.352,0.454,0.351,106,-7.7,40.7,-19.8,24.4
2009,STL,2009STL,160,730,694,75,0.086,0.169,0.152,0.296,0.263,0.332,0.415,0.325,98,13.4,-1.6,50,24.2
2009,MIN,2009MIN,172,817,770,85,0.092,0.161,0.155,0.306,0.274,0.345,0.429,0.338,104,15.3,42.9,-41.4,22.4
2009,ATL,2009ATL,149,735,700,58,0.095,0.168,0.142,0.3,0.263,0.339,0.405,0.327,97,-20.2,-44.2,67.6,22.2
2009,CIN,2009CIN,158,673,637,96,0.086,0.182,0.147,0.282,0.247,0.318,0.394,0.313,84,5.2,-118.5,119.4,19.5
2009,TOR,2009TOR,209,798,766,73,0.086,0.162,0.174,0.29,0.266,0.333,0.44,0.337,101,12.2,21.5,-50,19.5
2009,FLA,2009FLA,159,772,727,75,0.09,0.194,0.148,0.316,0.268,0.34,0.416,0.332,97,4.5,-16.7,12,19.3
2009,TEX,2009TEX,224,784,748,149,0.077,0.205,0.185,0.296,0.26,0.32,0.445,0.331,92,9.1,-49.8,24.6,19
2009,COL,2009COL,190,804,760,106,0.106,0.205,0.18,0.305,0.261,0.343,0.441,0.341,96,5.3,-29.7,22.8,18.9
2009,ARI,2009ARI,173,720,686,102,0.091,0.207,0.165,0.299,0.253,0.324,0.418,0.324,89,13.1,-75.3,53.6,17.5
2009,SEA,2009SEA,160,640,613,89,0.069,0.179,0.144,0.293,0.258,0.314,0.402,0.313,89,-4.5,-87,40,16.8
2009,SFG,2009SFG,122,657,612,78,0.065,0.191,0.132,0.302,0.257,0.309,0.389,0.305,83,10,-118.1,94,16.6
2009,SDP,2009SDP,141,638,605,82,0.095,0.191,0.138,0.284,0.242,0.321,0.381,0.309,93,-10.4,-67.1,28.9,15.5
2009,WSN,2009WSN,156,710,685,73,0.098,0.193,0.148,0.302,0.258,0.337,0.406,0.327,96,-5.7,-37.9,-7.6,15.1
2009,DET,2009DET,183,743,718,72,0.087,0.179,0.156,0.294,0.26,0.331,0.416,0.328,94,0.4,-48.5,-19.9,15
2009,OAK,2009OAK,135,759,723,133,0.084,0.167,0.135,0.298,0.262,0.328,0.397,0.32,94,12.8,-38,-34.9,14.6
2009,CLE,2009CLE,161,773,730,84,0.092,0.192,0.153,0.308,0.264,0.339,0.417,0.333,100,-1.1,-0.7,-75.7,14.5
2009,CHC,2009CHC,161,707,678,56,0.095,0.19,0.152,0.296,0.255,0.332,0.407,0.324,90,-13.2,-89.3,39,14.5
2009,NYM,2009NYM,95,671,631,122,0.085,0.151,0.124,0.307,0.27,0.335,0.394,0.32,94,-5.4,-48.2,-16.8,12.8
2009,HOU,2009HOU,142,643,616,113,0.074,0.164,0.14,0.293,0.26,0.319,0.4,0.315,89,-18,-99,37,12.7
2009,BAL,2009BAL,160,741,708,76,0.083,0.163,0.147,0.3,0.268,0.332,0.415,0.328,93,-20.1,-74.3,-28.1,11.6
2009,PIT,2009PIT,125,636,612,90,0.082,0.189,0.135,0.296,0.252,0.318,0.387,0.31,86,-6.2,-113,27.8,10.5
2009,CHW,2009CHW,184,724,695,113,0.087,0.167,0.153,0.285,0.258,0.329,0.411,0.326,91,-13,-84,-45.1,8.6
2009,KCR,2009KCR,144,686,657,88,0.075,0.179,0.146,0.298,0.259,0.318,0.405,0.318,88,-18.9,-110.3,-82,2.2
2008,STL,2008STL,174,779,744,73,0.091,0.155,0.152,0.312,0.281,0.35,0.433,0.342,107,-10,46.4,90.6,34
2008,BOS,2008BOS,173,845,807,120,0.101,0.167,0.168,0.315,0.28,0.358,0.447,0.351,110,-4.7,72.2,35.4,32.9
2008,PHI,2008PHI,214,799,762,136,0.093,0.178,0.182,0.283,0.255,0.332,0.438,0.334,98,23.6,4.7,123.4,32.8
2008,CHC,2008CHC,184,855,811,87,0.1,0.186,0.165,0.321,0.278,0.354,0.443,0.349,104,6.1,33.2,64.1,30.1
2008,TBR,2008TBR,180,774,735,142,0.099,0.194,0.162,0.302,0.26,0.34,0.422,0.335,105,5.6,43.8,30.3,29.2
2008,NYM,2008NYM,172,799,751,138,0.097,0.16,0.154,0.296,0.266,0.34,0.42,0.332,100,12.7,13.4,72,28.9
2008,MIL,2008MIL,198,750,722,108,0.088,0.192,0.179,0.287,0.253,0.325,0.431,0.329,97,8.9,-11.7,58.8,24.6
2008,ATL,2008ATL,130,753,721,58,0.097,0.161,0.138,0.309,0.27,0.345,0.408,0.332,99,-5.8,-12.5,54.2,24.5
2008,CLE,2008CLE,171,805,772,77,0.089,0.193,0.162,0.305,0.262,0.339,0.424,0.334,103,0.7,24.6,-2.8,24
2008,TEX,2008TEX,194,901,867,81,0.092,0.186,0.179,0.325,0.283,0.354,0.462,0.355,112,11.1,108.1,-97.3,23.5
2008,HOU,2008HOU,167,712,684,114,0.074,0.174,0.152,0.296,0.263,0.323,0.415,0.322,93,0.4,-49.2,89.3,23.3
2008,NYY,2008NYY,180,789,758,118,0.086,0.162,0.156,0.302,0.271,0.342,0.427,0.338,104,-6.7,24.3,-28.4,21.3
2008,MIN,2008MIN,111,829,791,102,0.084,0.155,0.129,0.316,0.279,0.34,0.408,0.328,99,12.3,4.7,-30.5,19.3
2008,BAL,2008BAL,172,782,750,81,0.086,0.159,0.162,0.296,0.267,0.333,0.429,0.333,99,-5.1,-17,-7.7,19
2008,FLA,2008FLA,208,770,741,76,0.087,0.221,0.179,0.3,0.254,0.326,0.433,0.33,96,5.7,-27.5,14.2,18.5
2008,LAA,2008LAA,159,765,721,129,0.078,0.16,0.145,0.299,0.268,0.33,0.413,0.324,96,-1,-30.9,-6.5,17.6
2008,TOR,2008TOR,126,714,681,80,0.084,0.152,0.135,0.295,0.264,0.331,0.399,0.322,94,-10.9,-60.7,19.1,17.3
2008,DET,2008DET,200,821,780,63,0.09,0.17,0.173,0.301,0.271,0.34,0.444,0.343,106,-6.7,42.3,-93.8,16.8
2008,LAD,2008LAD,137,700,659,126,0.088,0.167,0.134,0.301,0.264,0.333,0.399,0.321,93,5.1,-51.1,20.4,16.7
2008,CHW,2008CHW,235,811,785,67,0.087,0.163,0.185,0.281,0.263,0.332,0.448,0.339,101,-27.4,-17.7,-43.6,15.5
2008,OAK,2008OAK,125,646,610,88,0.094,0.2,0.127,0.289,0.242,0.318,0.369,0.306,86,12.4,-92.7,27.1,14.7
2008,SDP,2008SDP,154,637,615,36,0.083,0.202,0.14,0.294,0.25,0.317,0.39,0.311,92,-4.2,-63.7,2.6,13.8
2008,CIN,2008CIN,187,704,677,85,0.09,0.182,0.161,0.278,0.247,0.321,0.408,0.319,87,1.1,-103.2,43.7,13.8
2008,SFG,2008SFG,94,640,606,108,0.074,0.17,0.12,0.305,0.262,0.321,0.382,0.309,83,-15.4,-149.4,55.9,10.3
2008,ARI,2008ARI,159,720,683,58,0.095,0.209,0.164,0.299,0.251,0.327,0.415,0.324,88,12.1,-83.9,-17.2,9.5
2008,WSN,2008WSN,117,641,608,81,0.086,0.177,0.122,0.292,0.251,0.323,0.373,0.31,84,-16.8,-145.4,32.7,8.5
2008,COL,2008COL,160,747,714,141,0.09,0.192,0.152,0.308,0.263,0.336,0.415,0.33,88,15.2,-80.7,-40.3,8.1
2008,SEA,2008SEA,124,671,631,90,0.068,0.144,0.124,0.294,0.265,0.318,0.389,0.31,90,-8.9,-86.1,-52.4,7.6
2008,KCR,2008KCR,120,691,650,79,0.064,0.164,0.128,0.307,0.269,0.32,0.397,0.315,87,-9.5,-109.1,-29.6,7.4
2008,PIT,2008PIT,153,735,705,57,0.076,0.165,0.145,0.29,0.258,0.32,0.403,0.317,89,0.1,-89.2,-48.6,6.3